age_group_enc,activity_level_enc,like_prob,comment_prob,share_prob,session_length_norm,videos_per_session_norm,preferred_categories_count
1,2,0.2903582220520706,0.2449776297500338,0.0008536269277487512,0.04341337975044689,0.2,3
1,2,0.30370910776081883,0.03944634995903725,0.09251962367167695,0.02179632642592645,0.45,3
0,0,0.0906509223633802,0.01694944731009339,0.10252315789834719,0.03015195941241738,0.3,3
2,1,0.15008792252617756,0.009741159410047329,0.007268488695117289,0.10265113523200639,0.3,3
1,2,0.5632918972575175,0.42414015236766456,0.001918857513428708,0.03822167605045935,0.2,3
1,1,0.1508645930947265,0.053703909892133014,0.0447020344253528,0.02960354630434161,0.15,3
3,0,0.18237478971562504,0.15693758264087976,0.00684660888415127,0.09905324821458522,0.05,3
2,1,0.2831515846106786,0.32624199226557504,0.0801942493859032,0.12653830854698742,0.25,3
1,2,0.14905427036129798,0.03552534750182168,0.07520619217409291,0.09308739806015937,0.4,3
2,2,0.1408897244622979,0.07963165447312538,0.018528074542557022,0.08006059660697579,0.25,3
0,0,0.15937752033309405,0.19505808877352976,0.006040694253819446,0.43183317007492383,0.35,3
2,0,0.19698950818076782,0.007840131801733818,0.037420714022899045,0.07465056958379553,0.15,3
3,1,0.1784548403649612,0.0029540286868903957,0.047969340364203104,0.10612302188080447,0.35,3
1,2,0.2869506083417734,0.001246113000584046,0.004507855325701788,0.06487368286534836,0.35,3
0,1,0.1493174240876574,0.18492861686661635,0.05521045189128125,0.05379692490978078,0.35,3
1,0,0.2694159368841833,0.2804989628273984,0.14485335485618042,0.07482690357498777,0.45,3
3,2,0.40049901620089423,0.0852864619037632,0.0034586288547006163,0.3983257180304911,0.2,3
2,1,0.05981457144040038,0.15003783458499279,0.173196317696626,0.10099222908128588,0.3,3
2,0,0.21589001500869165,0.1007912293447069,0.04166742664801592,0.36987442502863943,0.3,3
2,1,0.4702793594761132,0.014315338192471846,0.009752384114016164,0.12033245469293354,0.25,3
1,0,0.23743028654425277,0.21391700571573022,0.0686853139346226,0.0427472667068356,0.25,3
2,2,0.13488356703928087,0.24880208802985085,0.05473010900966051,0.3245790889040293,0.25,3
2,1,0.18419668745300458,0.06593117660988672,0.025423951027048964,0.09368231940165045,0.3,3
1,0,0.37593464248989394,0.014494163665643904,0.1582444668839672,0.041499991543722,0.45,3
3,0,0.5261261746936157,0.09774794868466545,0.07254764762714261,0.007215513634423655,0.2,3
2,1,0.3869891186405453,0.018583594306882664,0.036621513788799985,0.09588159838104296,0.3,3
0,1,0.2621970598110122,0.013445429925457789,0.0030828408830345937,0.05316027388597916,0.2,3
2,0,0.3556149087080374,0.2095476106097756,0.10048300384219006,0.016003713512179534,0.15,3
1,1,0.26743792328468946,0.011315267647020113,0.08973954590899706,0.00521539737805252,0.15,3
3,0,0.41820934540612825,0.10244313832572285,0.004437017964563168,0.02885176929411905,0.3,3
1,0,0.22251653339194294,0.10310806443132887,0.16854780586901225,0.0872694310522208,0.35,3
2,1,0.08763781525092658,0.0009852028038678945,0.09957135745411627,0.19740867590884265,0.3,3
2,0,0.2614526534886051,0.03669427037993722,0.04301038488974814,0.05195677429821395,0.25,3
2,1,0.19942505234974742,0.07808870843476894,0.08157955907694771,0.20669157851272182,0.25,3
0,1,0.3360001760760084,0.06204542971616168,0.020708559948223678,0.08805892285372233,0.4,3
1,2,0.5801670800679275,0.03424431545753198,0.02782653472922748,0.0220914191936834,0.2,3
3,1,0.21199825121014026,0.15562165152436128,0.10208881820548804,0.305848334741609,0.2,3
2,1,0.25240689781698444,0.04457077150716745,0.0736389404816277,0.07328141417681015,0.25,3
1,1,0.2618313455048445,0.13239340593507148,0.0627460817586179,0.11226224951827853,0.05,3
2,2,0.2725145502019951,0.024375644467801043,0.11835938447106567,0.040398992798736176,0.1,3
3,1,0.32498753998620766,0.11478200768925394,0.0034171828425054933,0.2740002222957939,0.3,3
3,1,0.24208203141552861,0.06596354723073419,0.017316224508710572,0.38020015682772557,0.15,3
1,1,0.4590722194507437,0.013887953734430367,0.04137177069462355,0.05037034328533311,0.3,3
1,0,0.4901276771591554,0.10838790491140671,0.11467051337952876,0.060620430088062734,0.2,3
1,2,0.406880422059542,0.017804446502705018,0.017143545097921282,0.05103003915863951,0.4,3
2,0,0.5005327441523382,0.012345451926117362,0.012843377667337154,0.10214416733373531,0.3,3
1,2,0.4768120059603675,0.05104692917330776,0.056021201135863556,0.12436857222350778,0.25,3
3,0,0.3918288702256336,0.10426796927186534,0.01872603129988351,0.0355130736933081,0.15,3
1,1,0.28193220373912964,0.09807261545880298,0.019793380806780156,0.024311749822075002,0.25,3
2,2,0.05733242499830093,0.06149228756182881,0.06384744254760417,0.07703609899625556,0.45,3
2,0,0.3006475924232095,0.03255085506380289,0.017615214462614402,0.2972541150884489,0.2,3
2,0,0.14956875648098705,0.11139447076447223,0.0878871166424515,0.03135302247922627,0.35,3
3,1,0.1444527263879785,0.12800903723928145,0.023372598607977416,0.04393589771094823,0.35,3
2,1,0.06485645178879001,0.3905777455389748,0.07151323736682492,0.022484440828371133,0.05,3
3,1,0.26320753479206777,0.1294641717149975,0.00628900596304993,0.023239081821408675,0.35,3
2,1,0.05711758071966399,0.0028400114261394782,0.012462422383220447,0.1276480284709147,0.25,3
1,2,0.00511378897355696,0.015709840166850966,0.0024687855802924077,0.03711118245323163,0.25,3
1,0,0.29497720757526624,0.02945932312867318,0.035370764488881865,0.023110289161527443,0.2,3
1,1,0.018447881679654714,0.07424535569178524,0.03883001649667959,0.03080770166925952,0.45,3
1,1,0.18193902658023667,0.10380668314263371,0.03416018048003368,0.09353607823977401,0.35,3
0,1,0.22309293554991336,0.16052134134061333,0.017095370744366914,0.09665784503188776,0.3,3
1,1,0.06657935079165653,0.11086487344758096,0.05781072094238142,0.22755312726948876,0.25,3
1,0,0.09383757246862347,0.04939382766624611,0.014879278570274058,0.031565496425558795,0.25,3
2,0,0.41610132240786163,0.048750158629807076,0.022889645175420054,0.016069591805884048,0.25,3
2,1,0.35603439395299297,0.046316802535844664,0.024025325297916074,0.06454367957793006,0.4,3
2,0,0.5083861662172269,0.022156192110382687,0.01082609348270962,0.02293509470419159,0.15,3
2,1,0.005222556391721393,0.03408070914269759,0.033146265963258315,0.07286187712772928,0.3,3
3,1,0.47356699518866957,0.11295758305993603,0.013757881879967671,0.09030151974391347,0.2,3
2,0,0.3718771823961468,0.03926711033473984,0.035022946265768386,0.03322800639197019,0.35,3
3,1,0.5298123212089787,0.054654932138933666,0.056377507944983384,0.15885237426115975,0.35,3
0,0,0.3435607154786094,0.03928582148191059,0.19517938022533005,0.10628573000575807,0.05,3
1,0,0.24164294136562833,0.14752338980408528,0.004836615673626855,0.0406182422729944,0.45,3
2,0,0.579025979636679,0.05463060972997266,0.09284857645539824,0.04079055323402226,0.15,3
1,0,0.20913352297929916,0.08936435642122059,0.04237648721729933,0.13057457757020446,0.2,3
0,1,0.6240734949837113,0.26755826271907324,0.04148026814096071,0.16363800634325432,0.25,3
2,1,0.28773495212917505,0.1662435807255447,0.057522967289066564,0.1529184755766453,0.3,3
0,0,0.07063657603760384,0.20122858447958133,0.09242476514874505,0.16045773326684976,0.15,3
2,0,0.2616669329873216,0.0479038324545281,0.016539368622772443,0.08540910898135338,0.2,3
1,1,0.16214412812539328,0.09527639676840279,0.10458454220955118,0.035085954239483644,0.05,3
1,1,0.6232215670133611,0.09585924324116937,0.0949392598797951,0.011980462097183252,0.3,3
0,2,0.10531505162493786,0.07569379250390444,0.009169582393376615,0.11225489924013861,0.2,3
0,1,0.3790581965984489,0.14768839392645774,0.021845677234922204,0.21375263246005904,0.3,3
2,2,0.23290939038550526,0.07735252264196417,0.13774795778038204,0.11795205929591496,0.25,3
3,0,0.7008444618622631,0.12166271186850587,0.036665192464119756,0.0664157217339455,0.1,3
1,0,0.5933791554543353,0.05181103952701249,0.11538604717834122,0.12342954569641704,0.15,3
2,1,0.5808711948373478,0.09864782834353256,0.07311611587172512,0.023024899191646468,0.3,3
0,1,0.6891515780488372,0.0872897789782702,0.04662348000428431,0.02791150287510232,0.3,3
0,1,0.2180737189555084,0.23566030990854014,0.09010604328131383,0.011279923509610516,0.15,3
3,2,0.09774500207593653,0.00557546360967056,0.2467773558497856,0.07514922543576327,0.15,3
1,2,0.18729873564487104,0.055777294770411635,0.007903323837952829,0.030695076171778718,0.05,3
1,2,0.03422171377002406,0.04820382477376274,0.046880891828224934,0.22518150990179897,0.2,3
2,0,0.2833102113314765,0.16123741469723307,0.021751828831354285,0.06664168834488143,0.45,3
1,0,0.038700645436240945,0.008692406207645532,0.05627646999356332,0.16006795682981828,0.1,3
1,2,0.36431767148832245,0.1810710169987939,0.009698228700620742,0.0775208194987233,0.15,3
3,0,0.338642571902478,0.3647469069368196,0.07133899065920438,0.1048132392211583,0.2,3
2,2,0.7568061140655583,0.3673974847495206,0.0328703854251821,0.05619843990189967,0.25,3
0,1,0.41531931040099607,0.0553784189494458,0.008361957854461864,0.04260041083736979,0.15,3
2,1,0.15769262919550253,0.024909093086601965,5.083098304937943e-07,0.0057214181886350544,0.2,3
2,2,0.303369599843127,0.3458576305843902,0.038977116269799925,0.4479805881372774,0.2,3
2,0,0.3594538164583664,0.1600812988148498,0.007424227860461707,0.189582302551524,0.1,3
1,0,0.18368037191125047,0.1552774838874412,0.07134160129034048,0.007168864633345705,0.3,3
2,1,0.5476101792468772,0.0024311335000742674,0.009225072359780765,0.06440755365991759,0.2,3
2,0,0.2666448365317513,0.2869152504818762,0.17628809371776463,0.33568830564463764,0.25,3
1,0,0.24864322435843986,0.09855741007122017,0.034180283075800295,0.6258709638369313,0.15,3
0,1,0.37590452810547115,0.019976344125676598,0.00891210510852471,0.4043243933643456,0.35,3
1,1,0.2841394568957884,0.019804850518782405,0.06138682535616433,0.02383539073211304,0.3,3
1,1,0.4429531436669391,0.09614951549764628,0.026240994154996984,0.1177035422664457,0.2,3
1,1,0.4037802338647909,0.025585330942753726,0.007957317012236958,0.2565348887118198,0.4,3
3,0,0.2710671221927038,0.02467367838809606,0.011647011403894179,0.19605629009076506,0.15,3
3,0,0.30359068166708536,0.030645006193891888,0.06909358443655791,0.12611752106508747,0.3,3
0,1,0.7475416808203147,0.020327825858790515,0.08382896422238185,0.22119713706160027,0.25,3
2,2,0.15568129844941025,0.22766150228352375,0.028243669705885103,0.05566310747638474,0.15,3
3,0,0.17420404077010232,0.11313384760893468,0.09092296233753631,0.09000609215273021,0.4,3
1,0,0.2317253503165442,0.2965364963805645,0.02355962148127686,0.040165855303995926,0.35,3
2,0,0.12864279671676707,0.0733163484298438,0.07653499441371464,0.8558070072929257,0.3,3
1,0,0.1430248854176819,0.12611509675589513,0.005305206205184806,0.4813056493953933,0.3,3
1,2,0.3244696814537137,0.01196894278696241,0.04161440396770529,0.19155663090463385,0.05,3
2,1,0.4090802724756593,0.009530308955115798,0.055607568940905974,0.154636302710096,0.4,3
1,1,0.5831641594992607,0.02332603322932057,0.003972741561443274,0.1031582433988728,0.1,3
1,1,0.20038178959609707,0.04127290805822912,0.01760950862641726,0.06678952895680913,0.25,3
2,2,0.1454381844637113,0.04827276001795774,0.023890991407857186,0.05792801468663298,0.3,3
1,1,0.282501722452872,0.15349710588720167,0.09439272812401017,0.1703779460125138,0.05,3
2,1,0.24890820206154232,0.1941307299237011,0.04170709402443198,0.15520361459132992,0.5,3
1,1,0.42063629521327134,0.006016749333913843,0.00857748608447397,0.15651694212580247,0.3,3
2,2,0.32061019630162185,0.08244767619642006,0.10875013415020425,0.028216250219252732,0.15,3
3,0,0.09499989445046557,0.05698895996646241,0.14514501106533936,0.17353748975125619,0.3,3
3,0,0.2739032739224209,0.011493637126546993,0.06137442766499682,0.012146339292337492,0.1,3
2,0,0.4502206058181732,0.017488894516278497,0.01174584713833206,0.03745514823454176,0.15,3
2,0,0.31282605788383694,0.0719574805616058,0.07722956091518662,0.08506605391231638,0.1,3
2,0,0.16318531701432484,0.05990136950825984,0.07235973260689348,0.21993552714806633,0.25,3
2,0,0.31248734281748825,0.018425584540275427,0.028945430169299156,0.08611529913308509,0.45,3
2,1,0.6227910840895341,0.036634011718292586,0.01176603571234715,0.19899771588574938,0.3,3
0,0,0.07568863659634868,0.05854017315097951,0.07216674890649578,0.060844167294825516,0.05,3
2,0,0.18307693023821453,0.24669850194332452,0.1489518182162806,0.2101285825881494,0.15,3
2,1,0.05735990723587849,0.09114000158782663,0.029149769454940206,0.017201170158883658,0.3,3
1,2,0.27594050124490843,0.1747056972285015,0.034893907823615976,0.5922061032998895,0.1,3
2,0,0.6241118330017823,0.1749578498250875,0.06383386089076819,0.02851039370673575,0.2,3
2,2,0.22361558741181148,0.02150823505830466,0.06157083966413111,0.027514461855379663,0.15,3
1,1,0.385419102559817,0.0691368104142823,0.01149733595433756,0.17834292329598853,0.4,3
1,0,0.3035590118099166,0.037526840647531964,0.12892950579311985,0.08828902676349806,0.5,3
0,0,0.29517677989435065,0.03400366390684323,0.05186359209464226,0.20816056636518024,0.25,3
1,1,0.3674650159311769,0.036047414383473315,0.08025637182790478,0.04098939772558605,0.35,3
1,0,0.07765506645751091,0.25102775258245924,0.019030256130394486,0.11339777670997153,0.15,3
2,2,0.25936691893397207,0.014269065067199953,0.0674734331227817,0.32798391356983003,0.15,3
0,1,0.10407705623522434,0.08593249347846167,0.029847135666835126,0.09742484267269902,0.25,3
2,0,0.11603600325909766,0.002800206441339182,0.02391616729740339,0.04262623079136345,0.25,3
2,1,0.26803765170587546,0.09163912973582251,0.07233409371680667,0.12980652169319995,0.2,3
2,0,0.31288087853986074,0.026910633862258785,0.07606451696647278,0.07823533878967835,0.5,3
2,1,0.264340547930429,0.040330631388991026,0.004625137792794161,0.04326172869987687,0.2,3
2,2,0.7332807247629912,0.16521119831745,0.02886243615686542,0.12215978494660817,0.2,3
3,2,0.02866640783428394,0.07125086348566465,0.009161934640762327,0.039586429916974496,0.35,3
1,1,0.1884591391579369,0.008703661587071329,0.053310849157209475,0.02570432535479967,0.3,3
1,0,0.20277257060827866,0.0011372003263570227,0.03660635229525504,0.054240685489744075,0.3,3
2,0,0.17949627371970864,0.16019128523828494,0.009375301777469662,0.1293194326159825,0.3,3
2,1,0.290556590160641,0.15685386150310793,0.05949288560031652,0.0351253636149467,0.25,3
0,1,0.21744376035803423,0.031805712084660216,0.0002725164115573475,0.09484268472943899,0.4,3
2,1,0.10759102898676881,0.11497358741256193,0.19452173628247868,0.006719987012465646,0.15,3
1,0,0.24229624633184865,0.038865742132589226,0.029898174725939107,0.05932937463597459,0.15,3
2,1,0.3117705585659728,0.3502253473312624,0.12521953362069665,0.0630055527154554,0.1,3
2,1,0.30421870887415736,0.10159494793762643,0.05680767893450409,0.38939548155633064,0.3,3
2,0,0.364461866804837,0.04808235726708622,3.9049711741009986e-05,0.033539963023838264,0.15,3
1,2,0.5865302344726809,0.1535500279314009,0.08803204004409228,0.06737295862050931,0.2,3
2,1,0.05101451678004289,0.04632045913207561,0.03599514650120301,0.02857771272682835,0.25,3
3,1,0.5302447090641763,0.015186317741059791,0.018292599512392843,0.01818645389138082,0.2,3
1,0,0.5509180522528813,0.17257184187944058,0.030963581970273678,0.09224689296582272,0.25,3
2,1,0.5976279785198533,0.012466816917635456,0.04376878736736762,0.0732601500097187,0.2,3
2,2,0.0472503118817514,0.17735327110503768,0.058876909362419995,0.10801010001186566,0.15,3
1,1,0.20721791870967513,0.09810385607882621,0.005535374319327047,0.19303854602023082,0.4,3
0,2,0.21953825704247557,0.20932382909628924,0.07098742105639957,0.0118011122642713,0.35,3
2,2,0.21828794230691448,0.13672572971217517,0.001612638474651729,0.015127033394281349,0.25,3
3,1,0.39336648535973096,0.0013853457504641974,0.07743088441949214,0.07162051849376924,0.25,3
2,0,0.4667587510478546,0.0022452849787873317,0.028046025116507705,0.05605119434571021,0.4,3
1,1,0.10501362478223988,0.07897516104415045,0.0008405241837473765,0.10949645157233404,0.2,3
2,1,0.2648378556395663,0.021703885520081827,0.033383302262006115,0.05139127607241969,0.15,3
2,1,0.06514307105407088,0.021331323677341172,0.051056286682975564,0.04096386499590353,0.15,3
2,1,0.4992196074474872,0.07300731012161794,0.12944681747687367,0.03057326837852747,0.3,3
2,0,0.06429777982639358,0.11283509339839545,0.02918645849499259,0.06720588793109884,0.15,3
1,2,0.2947497471784515,0.08419511748974844,0.03319562560038908,0.06878927739178421,0.2,3
2,1,0.14774382199350009,0.06800836591451159,0.019380244114707103,0.015439621983893233,0.3,3
1,1,0.1735785687034727,0.02145568712565938,0.13919216255418773,0.5215902568152462,0.2,3
1,2,0.46057073532298254,0.03660661931599725,0.051127086868327724,0.00904952129538275,0.25,3
1,1,0.18907236573732877,0.3509934475600841,0.012888913031852061,0.0969012218192562,0.1,3
1,0,0.38202821373060425,0.1675841834583405,0.0391145931802923,0.01604642651925522,0.3,3
1,0,0.29239172443455075,0.28302449318475975,0.016234690740222404,0.3422421281218472,0.25,3
0,1,0.21344272359194683,0.274904916907366,0.09560844147658526,0.12222176710336276,0.3,3
1,0,0.5991709914251011,0.108833348347742,0.06957129718497178,0.04006603093782218,0.25,3
3,0,0.5556352213633273,0.018199829565055697,0.111247595396975,0.02762880777458127,0.4,3
2,1,0.33173728340977343,0.3034805946198348,0.018654433768533568,0.0508888871477736,0.2,3
2,0,0.4871432502421858,0.3490689847002682,0.09363668892313205,0.416324490063136,0.25,3
2,0,0.23144432644726842,0.08165405102402051,0.022546852101656096,0.015659422992443175,0.2,3
1,0,0.5786190063147408,0.00565888910025557,0.07822174268787044,0.5802996043864105,0.05,3
0,2,0.3917299470575544,0.02451261582164292,0.047990871155387804,0.033029904274193715,0.25,3
1,2,0.7857665179378494,0.09407190220486801,0.025750588702737335,1.0713651822441308,0.25,3
1,0,0.10912099456747197,0.020624861743211834,0.01351101998542232,0.05290155383735187,0.3,3
0,1,0.4014291812289115,0.18580372265121797,0.02187149055079702,0.06722887070472665,0.2,3
3,0,0.287262053638272,0.16383725907831387,0.030364238803764515,0.47512224707112494,0.15,3
2,1,0.4943926911395908,0.07749585551390557,0.017436293911769776,0.05775519110237319,0.25,3
1,1,0.541640455756377,0.0031117619960634043,0.00023720943243799757,0.04694368563782405,0.25,3
2,1,0.8649388773985729,0.030717829428438665,0.09118416181728362,0.32034851400031705,0.3,3
1,0,0.31028384849009877,0.029216537861947542,0.01517530473980184,0.11801696567830977,0.05,3
0,1,0.4036840621649415,0.15357798355136643,0.007268707198325366,0.04443479526745005,0.15,3
2,1,0.4782063651253475,0.2115039381732685,0.18778418945652206,0.09295692680732849,0.2,3
2,0,0.24305960293632697,0.016382331395799206,0.0033808359715637396,0.14676505844045168,0.1,3
3,0,0.26410953931967973,0.010887765059557426,0.10878116637934701,0.056201042430668674,0.25,3
1,0,0.11954768868239513,0.13061974920976735,0.001850878812993368,0.27607993779955964,0.45,3
1,0,0.4031675737816288,0.11518102632902726,0.022205277947065654,0.14288446035164543,0.2,3
1,2,0.5445385440880309,0.13429509557129807,0.012032276416657123,0.030978101504568846,0.3,3
1,0,0.16309327187100464,0.0024434525406783866,0.0761961460913445,0.026317661523443822,0.25,3
3,0,0.3540721714132382,0.05515751693696477,0.009178979177158061,0.013725293869472634,0.1,3
2,0,0.4138934261456481,0.09063880287935193,0.004987937586987749,0.03247625091593367,0.15,3
1,1,0.06153591440132278,0.1400769293154107,0.021566143022973706,0.2011877589912736,0.4,3
2,0,0.2317804770176959,0.27548574886075655,0.003979629933786962,0.01835562992250777,0.25,3
2,0,0.49507600670178115,0.053577192841601756,0.11196406226487687,0.05837419046977117,0.35,3
2,2,0.3612035901581645,0.014289712566358689,0.030763544127635514,0.051812884962686524,0.2,3
1,1,0.25739952013986517,0.0009219754965207473,0.03294739038963741,0.058328886101538024,0.4,3
3,1,0.25057484893437687,0.08317131120411342,0.17198762984448854,0.04388546421547341,0.35,3
1,1,0.28172084942822495,0.04355595005271742,0.08934646205845016,0.07238684150054055,0.1,3
3,1,0.5300157083389474,0.11009542233843023,0.03961360622120674,0.07699266531258991,0.25,3
1,1,0.15149552094422267,0.0870679063441381,0.048121081929872266,0.026380175979666066,0.25,3
1,2,0.3907097515036651,0.2713998584459601,0.2199710304913351,0.1907747926433082,0.25,3
3,1,0.2610135499503647,0.04992981135448,0.01751444436093054,0.03583787049516727,0.45,3
2,0,0.24294722069075275,0.038356148841676846,0.010797020605619165,0.07920985450865585,0.3,3
0,0,0.4262287527410738,0.23863563355139217,0.09754825023848145,0.04112758779913959,0.35,3
0,1,0.38078421616941877,0.021629493123700917,0.04397272064815617,0.15379879295075416,0.15,3
2,1,0.514888420162387,0.05126057863391731,0.12390225332898999,0.05586772294042017,0.25,3
2,0,0.062388237676846516,0.14150864388897694,0.0363341335919522,0.078943978463318,0.15,3
2,1,0.33274777604132727,0.040214955928695714,0.03994711384825854,0.04804544819294008,0.05,3
1,1,0.3776828455527068,0.044853868238943544,0.03221879118947352,0.09118479240365489,0.25,3
1,0,0.24482446442409134,0.2149353296503701,0.08056199558921853,0.057432589632179586,0.2,3
1,1,0.17003338988774597,0.333580530864571,0.007774186307625419,0.03070127794700449,0.4,3
2,2,0.3293084466689328,0.17319938230607498,0.029561226196544978,0.07574585531830574,0.25,3
3,0,0.10106417888086691,0.043502953957092964,0.2566060477510872,0.30405229545513,0.3,3
1,1,0.2615358713723137,0.25124530418694957,0.0457234875464185,0.06229233929689199,0.1,3
1,0,0.2450186450235761,0.06385319255641654,0.040149720483862276,0.06437168363340307,0.15,3
2,1,0.15494340296278916,0.18856668045585462,0.06650682699267131,0.11167196150763259,0.15,3
2,0,0.13527585008887627,0.033623985641845794,0.002446597208939211,0.007821799590320137,0.2,3
3,2,0.24148516808347148,0.10993228758047342,0.0017326139884558727,0.12238439957118573,0.15,3
1,0,0.28732618356809536,0.21238714215391152,0.024497511288605257,0.05353864459066166,0.05,3
2,0,0.11106619016354083,0.08932353566328606,0.11989349805063963,0.025972949882852463,0.4,3
0,1,0.2752664344601834,0.050864174963503504,0.01732367059043085,0.04765419060472205,0.15,3
1,0,0.24402774248073594,0.12008019200851607,0.029833165010824236,0.18149974583271708,0.25,3
3,1,0.15378310167637477,0.09508375645469824,0.008085150515713322,0.17545972536755927,0.3,3
3,0,0.6945650818890275,0.11140057225835064,0.022463452846376637,0.03443411631818958,0.3,3
1,1,0.20876141957900615,0.09119448368416169,0.15751119009802023,0.05249738048074585,0.15,3
1,1,0.32604046719380464,0.22683895580995198,0.0450957218771743,0.03451596089624752,0.3,3
3,1,0.24097341106620726,0.08303572280422729,0.0025139630005339268,0.4135341880792206,0.1,3
0,0,0.20039768437375619,0.12780095386423146,0.1976352861883756,0.14594357796004467,0.3,3
2,1,0.3564590183029882,0.0007683967164445733,0.08839044421357456,0.016630941092517348,0.25,3
2,0,0.6351837887037857,0.0966459119790765,0.047693475623846106,0.16142586368082987,0.2,3
2,0,0.2930990674380786,0.01294176575003299,0.051864411648736175,0.0211738039187314,0.3,3
2,0,0.2326490624561441,0.1203660653725417,0.037886969676472544,0.059949657892962804,0.3,3
0,1,0.25662126422134346,0.04928147354343832,0.0848313227084871,0.05648402874474035,0.45,3
1,0,0.3761829048345133,0.14934481998737986,0.023052217359479845,0.025193509887723987,0.25,3
0,1,0.11402592082335619,0.06391678767965937,0.025647484894473865,0.03886459607625398,0.25,3
3,1,0.48445282472032236,0.0413857103708225,0.02538694802806701,0.09317675451958127,0.1,3
2,0,0.23333924952761384,0.06504181372482008,0.042676737270128565,0.11120067387936344,0.15,3
1,0,0.06420127502185752,0.09667384399619965,6.397777991262092e-05,0.026212075692100635,0.2,3
2,2,0.11451734878404819,0.1456886908249799,0.04203467917888876,0.04206027095677852,0.2,3
0,1,0.1840510884877972,0.1781428338932952,0.005384024189826335,0.025668446891308344,0.15,3
2,0,0.29594308377640444,0.09312133853383496,0.03736287836211209,0.17495868303065154,0.55,3
3,1,0.06916186604386505,0.05026072766226399,0.017900768382334294,0.26584605399525163,0.05,3
2,1,0.24220275415138207,0.13075118319992707,0.04644207078777898,0.14972736411810972,0.15,3
2,0,0.48819578822555837,0.03521420734648691,0.09261609070398329,0.021542097379753676,0.3,3
2,1,0.19639232316728122,0.39558893588638083,0.0012961558812718899,0.016860484453785025,0.15,3
1,0,0.35298602808757007,0.10212177329515182,0.01542531510229339,0.2576386804704592,0.4,3
1,1,0.16282343972008415,0.1069207469421913,0.015638293574476637,0.10183409313163784,0.25,3
3,1,0.14142994119464955,0.07531863112077163,0.03263602975932324,0.01148567541018573,0.2,3
1,1,0.08917802443759817,0.06482533891030363,0.08162533201330235,0.13195380932695877,0.4,3
3,0,0.6451421486050889,0.009790627691238032,0.04660882344770878,0.008144075417290895,0.2,3
2,2,0.4783886081263876,0.25356712527069575,0.004312134723502319,0.05816738999403506,0.1,3
2,1,0.35392549464204115,0.03053228487978091,0.07926745580250553,0.019972664236749992,0.1,3
0,1,0.4509939487709603,0.018486931635117443,0.039279635930701454,0.2761052573507639,0.15,3
3,0,0.060375568002914576,0.03374297570218047,0.0210492005342958,0.16814341484478987,0.15,3
1,1,0.1744460434453125,0.03571903189873729,0.024492569124663147,0.22485426065837102,0.15,3
0,0,0.1872508461557514,0.02051394066724155,0.0015356987372857189,0.0598168549118142,0.35,3
0,0,0.18656097400338711,0.09053412914059411,0.05411285915000909,0.12078723433579804,0.2,3
2,0,0.2184936405270529,0.024332304319622963,0.11579624935960457,0.06499573241004848,0.15,3
0,0,0.43883703315363404,0.03916654449578849,0.02152691452202798,0.14256331178818432,0.2,3
1,0,0.2892043318904266,0.023279597346225592,0.17247236219686288,0.32967013439472626,0.15,3
1,2,0.08885506281949682,0.10677864420507924,0.17614415801867525,0.13042118478883702,0.1,3
1,1,0.12020728547069395,0.011556776593073451,0.05512233203134082,0.18748969674912339,0.35,3
1,1,0.03850665957237996,0.12496755307798248,0.04505009335295824,0.036138693780551116,0.4,3
1,2,0.2354080376230207,0.027054117040119008,0.03947247949704975,0.09440780570721459,0.3,3
1,0,0.35801585251195595,0.2219869465944198,0.06662293657995469,0.14610543254497382,0.45,3
1,1,0.35614785132999555,0.07721262135126825,0.08243157204631389,0.04956004956362072,0.05,3
0,1,0.05438792473283717,0.3851662821884792,0.12173404004838563,0.10764566450948466,0.4,3
3,0,0.18252900088486196,0.04718368118793925,0.009003571649617771,0.03427329518554078,0.1,3
0,1,0.2027564986454772,0.07663318729263939,0.019194394150986036,0.2297134502872899,0.1,3
1,0,0.1666877242737617,0.0012259975419226163,0.11275505209114597,0.11714470417168102,0.5,3
0,2,0.35236965177896423,0.21277100876873792,0.020360238643006203,0.02714710575837484,0.2,3
1,1,0.1365312891698778,0.1228076348515482,0.03470054892643331,0.008578928488838922,0.3,3
2,2,0.44452164760997975,0.037127866125296206,0.04655480114319769,0.06762927006145877,0.4,3
2,1,0.21475641754949,0.05010388387355227,0.00037613470823524706,0.026459082089819733,0.15,3
1,1,0.6392474977021104,0.027980938779459577,0.020765946738897725,0.8487857641868396,0.4,3
2,1,0.28768604862620906,0.11468315323244055,0.04561022043207938,0.2271197056829355,0.3,3
1,0,0.08364830380448468,0.272732564845065,0.010516114132089445,0.1904505649862472,0.2,3
1,0,0.3296843090374329,0.04191446037047063,0.0008468339238437147,0.06423841460716037,0.3,3
1,0,0.10032659530259358,0.009032971055991436,0.005015917598388276,0.048678967264531005,0.25,3
1,1,0.027599379492923033,0.16723734073850258,0.06030584725534643,0.12647742042866775,0.15,3
1,0,0.3823386144076713,0.12448329339910263,0.041719102222740174,0.11127510730258525,0.25,3
1,0,0.23817368067249028,0.0607313988885637,0.10925557032494977,0.10321308696608042,0.1,3
0,2,0.3995723093604895,0.06330202593856554,0.007514667434234307,0.08818554856707853,0.3,3
2,2,0.2572653293114135,0.03156771238374693,0.04971349133859795,0.29883128612241217,0.3,3
2,1,0.25881406629093257,0.08078941873999738,0.003466015623279604,0.0431801108239815,0.1,3
2,2,0.4342470349913271,0.09221023891100806,0.05852521194469701,0.09021999285337459,0.25,3
1,0,0.3434488980823595,0.045561480084903,0.2739910611412241,0.03751983327912783,0.5,3
1,2,0.15947271334075444,0.09642835107398996,0.0333544119741653,0.0514176891073762,0.2,3
1,0,0.6915522433173547,0.12992011428431227,0.09113767238152681,0.09039285324002977,0.5,3
3,0,0.20839435717588348,0.12516050967450784,0.044276270642572044,0.4045276149017851,0.35,3
1,0,0.38489481115113455,0.1619140012521861,0.015820960511164675,0.06122050714440094,0.2,3
1,0,0.18068629799816396,0.10904051884136175,0.047795040814362935,0.08168264697989974,0.3,3
3,2,0.2020022664963187,0.1704531410864871,0.0666882865821848,0.3990877146784435,0.1,3
2,0,0.1248291940292172,0.03098230147113612,0.08138668176935519,0.0312777179046594,0.35,3
2,1,0.18001362740398452,0.0991337269026565,0.02729967015929462,0.7898731743734398,0.4,3
2,0,0.32909690263514213,0.036388940872979836,0.06185535227635403,0.05546652489080351,0.4,3
2,2,0.363408807064378,0.15480423888349093,0.08132773760053068,0.2665015505620401,0.2,3
2,1,0.32594817361003214,0.14264805598369693,0.02002531495990071,0.03588668459491065,0.25,3
1,0,0.10079080886657169,0.015442164427374838,0.01557346842537219,0.165644868339192,0.45,3
2,0,0.32967741231266545,0.11629022585402927,0.012387830835704838,0.031250009781181164,0.3,3
0,1,0.5855698676173261,0.22568098847085216,0.005249881263333528,0.2525076747226296,0.1,3
0,0,0.32991552277142133,0.01785222778549726,0.0023739336789790027,0.08423750863005763,0.2,3
1,0,0.5666160298030876,0.01617377353122061,0.0030199547816904893,0.037464192665875334,0.1,3
1,1,0.06640881702888576,0.15416927531841804,0.09452472063744743,0.13975299570931038,0.3,3
1,0,0.33350088411195233,0.061503123135067284,0.017460161814168294,0.008582039397196315,0.1,3
1,0,0.370545789340737,0.1615061885959827,0.013640376489115919,0.06969694943529207,0.45,3
2,2,0.3393904446104721,0.027601348915668903,0.01737786592855596,0.060200965825481664,0.4,3
1,1,0.4478242899275046,0.060554290060887944,0.18364197137691501,0.02664623207040332,0.05,3
2,0,0.4353781502948919,0.0672988503156411,0.00970768158683282,0.024331190243240465,0.1,3
2,1,0.243881428454857,0.08000844681895734,0.07147299687339277,0.1794627126060058,0.2,3
1,1,0.2788739314507413,0.15818339034344886,0.02388736905874764,0.10610635696216708,0.1,3
0,2,0.4976381033357634,0.042786586821695866,0.09743871357188894,0.12001320973167673,0.3,3
2,0,0.5628800328980544,0.05906961014511204,0.01827281319065039,0.17093034628932827,0.15,3
1,0,0.08744597749947743,0.007830379507709364,0.019271110942832806,0.0610093990155381,0.15,3
1,2,0.29154180699862364,0.10394987447989995,0.0023222932366760416,0.0831107223384378,0.15,3
2,1,0.2011133846852816,0.020905500586567267,0.02492727894784382,0.6626107466231602,0.1,3
1,2,0.20471396538892314,0.007515931316187474,0.0034120824523864728,0.02547109013958522,0.4,3
2,1,0.28578704425632734,0.2540475249230351,0.004318215378491518,0.05819692340776626,0.45,3
0,2,0.29910134405876815,0.06450280474562371,0.05064670579019849,0.11542230316441655,0.2,3
1,0,0.20448395039774242,0.23316398598224966,0.13374724957184633,0.26821479795523007,0.2,3
2,1,0.11090199075112395,0.1480730368797706,0.005436031437597664,0.04832570116134878,0.35,3
0,1,0.5982909578262045,0.18437700059463105,0.01716351427257082,0.14079077122211536,0.3,3
2,0,0.29529115737996897,0.02136021590474776,0.0038241570764624452,0.07111945242300838,0.25,3
3,0,0.22499066829204958,0.21701915436944702,0.044146162312365525,0.7673028634582468,0.25,3
0,1,0.1666412725752628,0.002179409463534102,0.03858647381278063,0.06817470321849665,0.4,3
2,1,0.12225497846390203,0.19010436709121775,0.10417214480393544,0.11015125873088155,0.25,3
2,1,0.19682396905856664,0.28271441599151453,0.008744376722550426,0.029291981463242172,0.3,3
2,1,0.1722044569033971,0.01662007979585635,0.00028781503515621146,0.022699737460271662,0.35,3
1,1,0.077232430540428,0.08927869521241304,0.04669951775379258,0.13841625848250166,0.2,3
1,2,0.3379123573366967,0.1245907302251089,0.004308875453330299,0.26150176476105175,0.25,3
2,0,0.4252514558201444,0.18495855343017337,0.08626103552428993,0.08229287596092451,0.25,3
1,0,0.39494045839039826,0.005567823023733779,0.01805662066701039,0.19526674966016747,0.3,3
2,2,0.34285434964467326,0.03964724566710522,0.023125633733409867,0.06209784415767723,0.1,3
2,1,0.41257929042363617,0.046426965067505835,0.017361188439782037,0.07377031984083979,0.15,3
0,2,0.42634717135774713,0.004918970704601888,0.021982171437581584,0.4661862547277174,0.15,3
2,1,0.2956586573071521,0.13048292528369862,0.044459180943816116,0.2142741387546475,0.1,3
2,2,0.30860769089247264,0.016887862543490575,0.056666245074522524,0.011461906431166666,0.05,3
2,2,0.422352618350285,0.04379542135473734,0.04151089641062574,0.05924520462098528,0.25,3
2,1,0.37130453384402273,0.001824935538059765,0.01982558188004765,0.26999434273460327,0.25,3
2,0,0.3318565085003736,0.10792744461966107,0.04190096833196013,0.19466244058975574,0.35,3
2,0,0.16134039078289278,0.020156589122759857,0.009765750483737292,0.13646187323729564,0.25,3
1,1,0.3955109071498529,0.011082095206731327,0.03159932031460077,0.11932312971446554,0.25,3
1,0,0.23837516202042072,0.014064136394244699,0.06714878709603883,0.006179491524575178,0.15,3
0,2,0.3228016943136175,0.07638502306110476,0.09743069311251057,0.0720976093257195,0.3,3
1,0,0.06670172373803751,0.0326779125025216,0.04866211651719286,0.1515378396604026,0.2,3
2,1,0.017703213834670512,0.4816005382090081,0.06326098863489908,0.07433680820194298,0.2,3
2,2,0.32304062227348845,0.11669964559762318,0.07470900353441196,0.009025828238326365,0.25,3
2,2,0.2990950954598052,0.04817882158776757,0.08782688088070793,0.14569354639572685,0.25,3
1,0,0.3322129685753494,0.06725370015608076,0.0387547444724733,0.043754847632590535,0.1,3
1,0,0.5675054197792663,0.039419004082105774,0.02259073098914727,0.08698877763639638,0.2,3
3,2,0.18612164414680424,0.012534440298881134,0.023916347720212124,0.23434631157487945,0.35,3
1,2,0.11878278502205748,0.01975053388284829,0.007023260041554393,0.16568405737934228,0.2,3
2,0,0.16235130036934667,0.08353708434700563,0.016134542603833738,0.0344683333787604,0.3,3
2,0,0.19871250527488143,0.13150693857790835,0.0054687087927052045,0.035690110693558964,0.25,3
2,0,0.34251386476878426,0.020090476316095843,0.0005586669532982158,0.06467406948696161,0.2,3
2,1,0.2272627899962497,0.09336558246469036,0.18533834083878675,0.09424859440246815,0.4,3
0,0,0.08726983765241625,0.1228798325109171,0.000720963747068716,0.19694694200392227,0.15,3
1,0,0.04438506578796602,0.11602119418940704,0.00749972138529545,0.02127502542429148,0.3,3
2,2,0.1494942326091849,0.06876378925144971,0.06997507729389682,0.014870334369209546,0.3,3
1,1,0.05423558624648103,0.028453736720495712,0.03504949936554624,0.10000918046427165,0.15,3
1,0,0.19721620332195797,0.08673466836526908,0.002504190278908459,0.11578692496001892,0.15,3
0,1,0.20599227347537213,0.022702139158250145,0.08267730572899129,0.1804983588204762,0.3,3
2,1,0.3782024706936409,0.0030829693067359622,0.0600053395438877,0.012052679744251378,0.2,3
3,0,0.377465649783515,0.0018552855691642328,0.09459311995375455,0.10785446800930983,0.15,3
1,0,0.08749294114085306,0.09279191985423157,0.023833397627811812,0.10788997004572899,0.3,3
2,1,0.09324592087703615,0.019920599217451963,0.010138276506217308,0.044536622392349026,0.35,3
2,2,0.544072100003868,0.029488200335232504,0.07563636825827356,0.06207631968378866,0.2,3
3,1,0.03951018935946442,0.12733058958942095,0.01602788129492043,0.34563795927506286,0.3,3
2,1,0.15945304907703264,0.03387771862829902,0.11846252618806116,0.022794129404827234,0.5,3
2,2,0.11805971128567583,0.053309002251151615,0.006040976968774992,0.05176432436328453,0.05,3
2,1,0.09346681244390033,0.1906401075212303,0.016200256811052263,0.057663874504836427,0.3,3
3,1,0.28961839041083987,0.010843517076602568,0.002487902480706643,0.10246888037912581,0.25,3
1,0,0.06443925833557007,0.09366035181194514,0.06015350303846083,0.11438486111992574,0.35,3
2,1,0.04959484484746865,0.03702101982557955,0.10097131186898427,0.048868664803837975,0.15,3
2,0,0.6095328315203744,0.13791380162753647,0.029159886808829562,0.07289950496595346,0.1,3
3,2,0.16876008203721615,0.1185163848360821,0.059937884303518395,0.046093284133069484,0.2,3
2,0,0.21998948044018513,0.13902852920064862,0.1040954322451071,0.07539238103106322,0.2,3
1,0,0.4841775970281834,0.15115487005612455,0.00412674045554051,0.17927816620629067,0.4,3
3,1,0.11969230614892223,0.017853165732958066,0.005734336142372829,0.1685966166706928,0.15,3
3,0,0.28664292978629824,0.10801014624109276,0.002886093213881301,0.05302270569613482,0.3,3
0,2,0.28356849753873775,0.034574532518621436,0.06319148088236594,0.02628222980381034,0.4,3
1,1,0.28041082803191925,0.17719200548530872,0.12065365105282055,0.0999384585965026,0.1,3
2,0,0.12613696854371212,0.013538857722930267,0.013841938968242217,0.021719225143489895,0.2,3
2,2,0.07052528895859467,0.04277112025681012,0.07710812267062002,0.04990999320327731,0.15,3
1,0,0.3489457197368859,0.004202854623734904,0.10001247626454692,0.04751178012195061,0.15,3
0,2,0.2155364785317093,0.024737845470955293,0.05388308042286461,0.05574703225486172,0.2,3
1,1,0.22897098035511096,0.1880364639568662,0.017767769165036158,0.07743748879824378,0.1,3
0,1,0.23564833240340857,0.0023136118656066737,0.04741668283242351,0.08535056632153537,0.2,3
1,0,0.28179051405724276,0.007242728458238878,0.1009644573565698,0.13409786842044452,0.3,3
1,0,0.3437389656499436,0.1126303545831574,0.08055301567424303,0.08193834622883188,0.15,3
0,0,0.301836071478123,0.193929850999308,0.027021505123661478,0.013282905134116493,0.1,3
2,0,0.129831081437949,0.10253442916758974,0.002584405228058235,0.07106494353298476,0.5,3
2,2,0.49668488418314627,0.016005583298818443,0.15029810489009016,0.06438263757810442,0.3,3
3,0,0.05796919679292982,0.05484281870600234,0.05581714302072526,0.13352739921673082,0.2,3
3,2,0.5354355518543715,0.0008776307460258067,0.026259837067401398,0.09907424534091083,0.3,3
2,2,0.5796871653695344,0.018352999220735057,0.04369204572324412,0.140009581068684,0.35,3
1,1,0.33638038432571893,0.10763335219329667,0.033305996422201486,0.32023433547046315,0.15,3
0,2,0.27199631816356745,0.008804683985394288,0.0012008395033162806,0.10601167083066629,0.2,3
2,1,0.4663116661316936,0.07142540282123952,0.032568579514490284,0.05096630262395654,0.45,3
2,2,0.29661715010135475,0.02128659257300595,0.008427683899832691,0.0234781339121434,0.3,3
3,2,0.023685005616848942,0.014350512013319194,0.09093230407681104,0.2089928350213425,0.2,3
1,0,0.38460869418337656,0.09118304636989491,0.014038777773904797,0.2539143041542239,0.2,3
1,0,0.5565313081932988,0.05292027185149978,8.129346580744974e-05,0.11561680982630147,0.15,3
2,1,0.44550786366107914,0.07323620805887504,0.017722825611759422,0.29686390296070414,0.4,3
0,1,0.2611172478997495,0.02597693988452487,0.06774111835719243,0.08362476727779676,0.2,3
1,1,0.34761332389324157,0.017819647251263376,0.195374121665068,0.09858379647754749,0.3,3
1,1,0.34758047046553053,0.35416639312507203,0.00989766843477475,0.09513900779499983,0.15,3
3,2,0.23914532586081746,0.16836641342709152,0.042180710673131186,0.04552194534027488,0.2,3
2,1,0.18228271759045966,0.17631306563321378,0.00791307862001881,0.08752050568995438,0.15,3
2,0,0.5145153689193943,0.046301878742231684,0.0744511204104954,0.08317812781968058,0.15,3
2,1,0.2912813299968724,0.0851933545386809,0.026674411867050166,0.032971191275258487,0.25,3
2,1,0.5792588843279106,0.019190375005404315,0.16741628969413022,0.018677612460274995,0.4,3
0,1,0.14754078669936904,0.4302832646460128,0.21505115445745868,0.04469655341272642,0.3,3
2,0,0.4204319504947182,0.03012418815453711,0.10704945257109115,0.015817342870380426,0.3,3
1,0,0.34808119118880354,0.019774422295538233,0.030458202321725532,0.08294691873106567,0.3,3
0,1,0.42920778041498947,0.12709947663957835,0.0501288947865486,0.12050794081550512,0.3,3
3,0,0.248686141538862,0.022236640750653916,0.046586880777500214,0.035337427081741965,0.3,3
1,1,0.1189943525631921,0.2481548722123514,0.010932057746705668,0.06687756403315703,0.15,3
0,0,0.09615976199240377,0.16738540837491706,0.009770337573758147,0.05301879470726059,0.3,3
2,2,0.37749308263633174,0.05794808932893657,0.01590448479144647,0.2931003872591914,0.35,3
1,1,0.18751292440958267,0.026658164640592084,0.12469076065628312,0.013927582558775051,0.45,3
2,2,0.20483020355055134,0.29164428452396424,0.08942131337271615,0.21002692328667835,0.2,3
1,0,0.06569343904629159,0.056720693491714644,0.06948443212863674,0.01088573088658048,0.3,3
1,2,0.1371812301336208,0.006962232860476786,0.004294224515122271,0.06490959673324846,0.25,3
1,1,0.21668915717140427,0.2110308661179853,0.0965339596310341,0.06048236032237256,0.3,3
2,2,0.30596447922377995,0.20995854952205814,0.11017261117486662,0.01621476986130868,0.2,3
2,0,0.3957923883261419,0.12904904677814769,0.025673494029423077,0.0802629108148894,0.3,3
1,0,0.08892853601691388,0.09381567919826728,0.11621075383728906,0.025684488639887645,0.2,3
2,1,0.4708439910094383,0.07554942158663046,0.034699292913911745,0.019280309908962526,0.15,3
3,1,0.22894035292067494,0.10201714694715995,0.10842428838091177,0.015127131213605236,0.2,3
2,0,0.15992451012767833,0.07090934685293084,0.011501705277634054,0.06668209789654501,0.1,3
1,1,0.37522221237736997,0.15124111448597724,0.004366545341222582,0.036031239731778054,0.1,3
0,0,0.2540010043860204,0.25275567833419216,0.09851686116386867,0.12177121548063825,0.3,3
1,1,0.33188727007432883,0.04038719051805439,0.03127039720821373,0.06532414220075757,0.25,3
2,0,0.14903112926822915,0.25452597023716256,0.00165528031924513,0.09299199102320493,0.1,3
1,2,0.4014444828057929,0.05993120718270506,0.03395249212907584,0.13920821009904816,0.25,3
2,0,0.2751148607631998,0.013047338790624792,0.02524715582563243,0.16042508682548678,0.25,3
2,2,0.33789169490641585,0.250920614578569,0.0015190638413246104,0.15625998753535505,0.3,3
2,0,0.2593694008782994,0.1277477397771802,0.010730573644308402,0.09008533274302968,0.4,3
1,0,0.28984577519776067,0.08992930222553784,0.04473586327244343,0.5296877977036842,0.45,3
2,1,0.5106975195589726,0.10823426591219809,0.03646236697527497,0.07042666529563042,0.15,3
1,0,0.4076109741076733,0.0629017032054263,0.008571977928583614,0.10719681867545738,0.2,3
1,1,0.10167318672959451,0.010388524018647566,0.009819196707705494,0.025491452861706686,0.4,3
3,0,0.2315164911038525,0.17393861314739895,0.010837250298066809,0.032442720423181186,0.15,3
3,0,0.2271235739265985,0.04668289415677179,0.05935141518573341,0.02127439645013213,0.25,3
2,0,0.3534739141618861,0.22915116373234287,0.021758055689779714,0.086959333190241,0.1,3
3,0,0.15417988521617837,0.025315134335688955,0.031463058334846666,0.09471227718893888,0.15,3
2,1,0.1658773977197112,0.10244164677053735,0.025334234609475464,0.03476514163820561,0.3,3
2,0,0.1357904727619259,0.1323353196912059,0.024517838874643514,0.07746952291464713,0.1,3
2,1,0.25968609456765346,0.0024544023870503137,0.015258428287866116,0.2255978325721784,0.35,3
2,0,0.19168956321793085,0.039246041195638404,0.1200520365014986,0.018885508196183478,0.2,3
1,1,0.6273873552292282,0.21197118824220582,0.000566695247448056,0.051553323077166854,0.15,3
1,2,0.2616193288445411,0.006664595067714016,0.020173341471996613,0.021222281732422004,0.25,3
1,1,0.37903292319118725,0.0385374729856843,0.01408676656193148,0.3524608676627946,0.5,3
3,2,0.28481567937678226,0.06779520636624242,0.013739380732822132,0.3769730541257115,0.05,3
3,0,0.14098610908665815,0.04549013240306561,0.010673244508179214,0.010819074080456577,0.1,3
0,1,0.0856161682035846,0.0960400216919537,0.007710732889118004,0.04654424829705893,0.25,3
2,0,0.1155888075669343,0.010549186748950029,0.05970417152918898,0.03407260235580893,0.25,3
2,2,0.6463903300210974,0.21476426232533877,0.00451703428085063,0.16164327773297682,0.5,3
3,0,0.3182823296795492,0.18734983409524414,0.0004186945704039513,0.04099395861547791,0.5,3
0,0,0.19018838788975626,0.006051677732467566,0.08702437385121475,0.07399906547706796,0.15,3
1,1,0.05960523338424434,0.0010322564500373972,0.002922763002628117,0.1604946153216945,0.05,3
2,0,0.20796982899091215,0.1034091157447806,0.02197819434064412,0.0655883000422406,0.35,3
1,2,0.2516487937886164,0.032902875662027785,0.04942620759192783,0.14102522543262017,0.15,3
0,0,0.1296672300262863,0.09157702601356667,0.0394290517163064,0.20687773590283054,0.35,3
0,0,0.05676567467668613,0.0647728731212314,0.10112654482209822,0.12660705687092638,0.4,3
2,1,0.5739087701953813,0.05269567995374394,0.12260425024210422,0.17851272876471413,0.35,3
1,0,0.21602989940177938,0.1491673300592241,0.004918520961232486,0.20296366559817985,0.2,3
0,1,0.13430629414182196,0.03422725072211777,0.06419946883879755,0.06793546673829194,0.25,3
1,0,0.28991497455800164,0.14680053221323516,0.024690271345715758,0.19636218792572543,0.25,3
1,2,0.30975252814598925,0.0376368271353984,0.05574803059394675,0.2676104502132139,0.3,3
2,2,0.2165549172134438,0.17313215556446954,0.09431448699015844,1.2569926042626962,0.3,3
2,2,0.29504520766013503,0.2584376111853558,0.042965866723860754,0.021754808515143328,0.3,3
1,1,0.28015866574470444,0.015855122338234398,0.10412490686814142,0.04797275583880907,0.3,3
3,2,0.19796653713309184,0.08267884825975579,0.0495731978210757,0.21995641716098063,0.2,3
1,1,0.2649486199830114,0.037991448557179036,0.008243316439987722,0.025149579030699747,0.2,3
2,2,0.1538601079151854,0.19038485083983234,0.03136400403214554,0.03529870817600841,0.35,3
3,0,0.10086658916926444,0.3044116414732659,0.0006755282378250639,0.06924934260409202,0.35,3
1,0,0.3586664199857663,0.09417101475562048,0.10931362929489978,0.009403312124477448,0.1,3
1,0,0.1932009024168452,0.11416180539676525,0.05210484034929309,0.08689336248389953,0.3,3
0,1,0.18120450264905283,0.023065436738170426,0.0758902481650977,0.014181035931260305,0.25,3
2,0,0.43341845868620216,0.05169242572634412,0.007298488244671666,0.13585247298348727,0.1,3
2,1,0.15679986883455735,0.0025089424699794123,0.044354430330110425,0.059471798659255504,0.35,3
3,1,0.24173907455709504,0.13145429125085187,0.017555409710679957,0.07529212926443239,0.2,3
2,2,0.542373646040058,0.1034101523324287,0.03862292018432717,0.30834757501288396,0.1,3
1,1,0.12249291901321159,0.07098353831205195,0.0139678672551173,0.18632636044667486,0.1,3
1,1,0.565738263279169,0.10955583847166801,0.08065779781874197,0.14338941788970586,0.1,3
1,2,0.6935124136028893,0.20135449716051815,0.052676907948993795,0.07614191758387885,0.2,3
1,0,0.3699613945203299,0.0066741532868607924,0.004778460969032235,0.013536717699310068,0.25,3
0,1,0.14285293808631017,0.0767207932240295,0.1288194882445951,0.09276272340052624,0.2,3
1,0,0.5453187404737385,0.07699232260037911,0.018196669837399676,0.07361129853271192,0.3,3
1,0,0.2543581241079744,0.22521442425826407,0.1541531096586419,0.17013930782409153,0.05,3
1,0,0.4241024626419138,0.08704514131326832,0.16733552767720047,0.20684768706214096,0.25,3
1,1,0.2858147588569319,0.09332933697189666,0.0452515349768922,0.0852868456646881,0.35,3
0,1,0.6507546470896418,0.14764072208792903,0.09774765796872438,0.20440769756178187,0.35,3
1,0,0.17252243319061147,0.02975456088393582,0.03699876221929687,0.16602310762798494,0.3,3
3,1,0.25106609043103106,0.09169263116719653,0.0449584542272573,0.09403487171522311,0.4,3
0,1,0.5719785346826352,0.17429170458618876,0.061488359452066266,0.05229967740689197,0.2,3
1,1,0.5023931084863271,0.033055730024788364,0.013101177865540178,0.03953037786921212,0.25,3
3,1,0.3637666800541185,0.05644266269065244,0.07233284531589118,0.055382752759616585,0.15,3
3,0,0.192267067876598,0.03530850874624061,0.11621444294060193,0.14994421681387343,0.15,3
0,1,0.2299334827879196,0.030767296482444827,0.020037832877565782,0.04790570204365828,0.05,3
3,1,0.29478073170871205,0.18942421132234324,0.0162312834550262,0.13188901092399655,0.2,3
3,2,0.3001813764688193,0.09133236930508115,0.022453947665927024,0.09605329853484047,0.25,3
1,0,0.034871802956759325,0.13610628624152787,0.008828610999516694,0.5777671389463253,0.3,3
1,0,0.15686748733499797,0.1064524289499808,0.004096271346428376,0.10169929449544447,0.55,3
1,2,0.2151906597141506,0.16809385883623823,0.0758013751905288,0.12052040883851775,0.1,3
2,0,0.21272325138944598,0.10031512946248991,0.04531354658217181,0.04213380674143909,0.35,3
0,0,0.14232319863488427,0.13165361543566378,0.012990194730067304,0.04977526564573145,0.15,3
2,0,0.3560544345625217,0.05926708875768624,0.014349056387110726,0.33941921244528694,0.2,3
2,0,0.6877665829946091,0.012562457120732463,0.02189528780044502,0.2557880936720851,0.3,3
2,2,0.27947553812004233,0.17059546478730309,0.014396245212263252,0.20654878734329482,0.4,3
1,1,0.3399948924088498,0.01939038761633408,0.011938369124508836,0.014659598575025629,0.2,3
2,2,0.1523537999186319,0.0349604137126496,0.022945497154762635,0.06142342935790613,0.15,3
2,0,0.3156627654596394,0.105186027772409,0.044147375475946535,0.07391410712003245,0.3,3
1,0,0.1865209164015393,0.04140086016555594,0.027445826804777664,0.03177803208222579,0.1,3
1,0,0.2274969273552756,0.16938597768170224,0.012657642971681241,0.048151036710612695,0.15,3
3,2,0.16215506360152498,0.13687356008556997,0.09059700937277393,0.05223334609788549,0.45,3
3,1,0.4869367527321943,0.0169265712499086,0.05901505966659059,0.00741738677313482,0.15,3
0,1,0.09632845404699467,0.137785114576394,0.022127081597045614,0.26674797018570895,0.1,3
1,1,0.48715464406499726,0.17061352578792843,0.1822734219396734,0.01517216744591864,0.2,3
2,1,0.361077675830136,0.16781937452169635,0.022303424036354873,0.4379708104099229,0.2,3
1,1,0.15066907552327324,0.1264761518095819,0.04981249758180376,0.15964602522863364,0.25,3
1,1,0.19170650317539484,0.020626974274785218,0.06284250867628648,0.025150832663738954,0.25,3
2,1,0.5685005411618019,0.031885735809670086,0.06027357256843919,0.09641584102106097,0.3,3
0,1,0.340892636971183,0.06783137932186176,0.024130023240980104,0.1051941994568848,0.3,3
0,2,0.4393340640507051,0.19389104860624756,0.020278653450141192,0.04756688121794905,0.3,3
1,1,0.3107522554698049,0.06139205356857024,0.0035041907303439983,0.07863421758892335,0.5,3
2,1,0.04928536776807596,0.10738208647696841,0.029427581284399654,0.03571770468560799,0.5,3
0,1,0.14117027686471179,0.00031379188029460257,0.07828247904086746,0.2563868942192904,0.05,3
0,0,0.12870432548811897,0.001089144768644096,0.03626675492517076,0.3246566524457944,0.15,3
1,1,0.24099290082868405,0.10280766231165624,0.008023484686690896,0.05695881172819717,0.1,3
1,2,0.3314421884742909,0.16784592834085543,0.020327091593912914,0.0840484713349285,0.45,3
1,2,0.5293091217810523,0.11549192543132425,0.07785775542591492,0.015903578749575927,0.35,3
1,0,0.10375884227712236,0.3034228096584587,0.001726836853114536,0.023682098338086866,0.15,3
3,0,0.3565117173110016,0.0336547154017573,0.04986688638112883,0.02632733452051973,0.1,3
3,1,0.24363431333744776,0.04309416406901494,0.012586122226866498,0.00781930769281576,0.2,3
3,1,0.11365973687120368,0.005150425680581713,0.020440410893639873,0.08092919929796433,0.1,3
2,0,0.047628380959166924,0.0262902718634028,0.05515162790983681,0.2960925227826365,0.35,3
2,0,0.18855272524835226,0.19716818660008104,0.040832079955557765,0.059730637214043064,0.25,3
2,1,0.05602421784912378,0.021070446178593997,0.0873657988642496,0.14233059584207264,0.45,3
1,0,0.27106020842443934,0.09049530618897926,0.012200654727341428,0.026760728763383215,0.2,3
1,1,0.14778536642566142,0.06994305346367544,0.010441511901266293,0.3017366976292271,0.3,3
2,0,0.13342291112898594,0.07482835888961074,0.009508382322754357,0.3888811676817753,0.4,3
2,0,0.28493661547178517,0.12191805094106543,0.03849897256447171,0.23474429584381862,0.1,3
1,0,0.43799161399338177,0.07603893501010074,0.058337771669995195,0.0246806868348011,0.25,3
3,1,0.5446039546503191,0.19280018828525705,0.07011177452902376,0.2826771353047268,0.25,3
3,1,0.2346943471567177,0.11310901748453615,0.017882426217784794,0.0964123715888803,0.5,3
2,2,0.5617005779080874,0.050746703197151785,0.16413973017125885,0.06200573734579942,0.2,3
1,1,0.2446830958199385,0.039766203065366004,0.020061138944440372,0.4294039207503739,0.1,3
0,2,0.13389948500345655,0.07453305901999745,0.05990246470484031,0.055992299566932975,0.25,3
2,1,0.38857002672515173,0.08165423948430112,0.018587889277562747,0.2629204108190254,0.4,3
2,2,0.2988671406051168,0.03217926766530748,0.040604028268448604,0.25808018548104383,0.25,3
2,1,0.37367824365200863,0.08051709508630658,0.03492745621544069,0.049983693679214763,0.15,3
2,1,0.2788363496703983,0.038566840109841155,0.09775681460227968,0.15493126386746314,0.1,3
0,2,0.11482459578526058,0.027586127812005815,0.002811097286470516,0.05742277505556965,0.05,3
1,1,0.26173214978385695,0.23169591741783035,0.004280662038630704,0.04350956092688683,0.15,3
3,0,0.4046918733771788,0.12515178527705828,0.039196705982183166,0.07472923015136056,0.25,3
0,1,0.3101598152566584,0.00014163097218617242,0.012933501659705231,0.27881716998495326,0.1,3
0,1,0.1304329108216314,0.002279284407522289,0.0810180449720285,0.03339696147630755,0.15,3
0,2,0.18597732836413103,0.05817659618218123,0.014986664139926479,0.503508920596418,0.15,3
2,0,0.5655991901158952,0.06408740474658342,0.011143406106916415,0.3956582881264276,0.15,3
2,0,0.14506277289550373,0.11049359069920373,0.0485483445032494,0.008239479436429688,0.1,3
2,0,0.1283218339189153,0.01089773085861114,0.048705925482980486,0.06453920473927145,0.2,3
1,0,0.018532263318280586,0.09305966790929095,0.05709540939164117,0.036211628264102895,0.25,3
1,1,0.45469345471972406,0.21369269365290042,0.015587315817425649,0.24763459969360813,0.5,3
1,2,0.32427864998871747,0.019087637372067527,0.003980311661365568,0.1689849909221837,0.3,3
0,0,0.3074912697638159,0.1064676121540265,0.014498999201208526,0.04499840479573211,0.1,3
1,1,0.6417784044052748,0.025638094037469018,0.012386122022384973,0.03852257733263697,0.15,3
1,1,0.4976071242830672,0.0565693753184154,0.047687130496079935,0.5160322070883544,0.2,3
2,2,0.25134833432361486,0.27686666189637776,0.04587811220033098,0.37896655058443524,0.55,3
2,1,0.19051894304543684,0.16581135077531328,0.08451582318847084,0.13318874311206108,0.2,3
1,0,0.4595530463183493,0.056553279651500366,0.08681622931704788,0.05622365891907828,0.3,3
1,2,0.266956334541259,0.011443033180221626,0.2032372629661133,0.6359190184750932,0.45,3
1,2,0.24645883137311095,0.012349747988321768,0.04632411179045496,0.06618957288515918,0.25,3
1,1,0.3521580471730888,0.041502697364052585,0.009648180559858145,0.08972576572641777,0.35,3
3,0,0.21822565582133072,0.0385509690530943,0.007965034240893887,0.2988697781131804,0.25,3
0,1,0.10539789307260757,0.1841588538465961,0.03128831589164068,0.04765816944809378,0.25,3
2,2,0.49026234516888784,0.1370706178638013,0.0005085999162343837,0.034025234629454754,0.1,3
1,0,0.3655343000931998,0.026375492393887014,0.048069938007952825,0.06375259751850966,0.35,3
2,2,0.3696822286824197,0.0008328531767395208,0.020634260968200983,0.05236412724463965,0.15,3
1,1,0.08604534519136875,0.02394742916986498,0.0036148954656350573,0.08446329147739462,0.2,3
2,0,0.03984482709541479,0.23661993788133215,0.05493478873276641,0.12985281962880524,0.25,3
3,0,0.29133153168313625,0.01691671995369828,0.1084612651956897,0.0810974784905081,0.2,3
3,1,0.479037971132868,0.10935261663060482,0.046879963869679374,0.10995456872511006,0.25,3
1,0,0.32890154200084754,0.07026836184666536,0.03936996672731844,0.02289919971538369,0.35,3
3,0,0.1951818621811638,0.037056694726162305,0.03768231700988516,0.02665401396913772,0.35,3
1,1,0.07383372374414099,0.0026677643551345693,0.039728936932521795,0.04201260269744777,0.45,3
2,1,0.341188966477307,0.03346887526954432,0.1869577798423267,0.4018690322960908,0.3,3
1,2,0.23739563958515073,0.3420463958275557,0.03711554713172459,0.1404786428602521,0.35,3
0,2,0.1102666570354944,0.013493334118536267,0.15619731359891764,0.05712652772518017,0.35,3
1,0,0.11465559822488593,0.0949499271748623,0.06261555813794202,0.039935721973459716,0.3,3
3,2,0.14711031728811186,0.058222581552753165,0.07902796222268992,0.6838890913874751,0.2,3
2,0,0.29063577918465827,0.0038378718719930295,0.04315076385506945,0.024178004908367398,0.35,3
2,0,0.09585981196191763,0.0682508476609234,0.07810713059499726,0.39536609918302823,0.25,3
0,2,0.13799630949656327,0.020044902061357374,0.0022850773391426423,0.051399635029376035,0.1,3
1,1,0.23779352736413079,0.09157639759850773,0.015648164210691432,0.32017677506189096,0.3,3
1,1,0.175730104280156,0.16745914426498038,0.09925485093917046,0.03881021353866536,0.1,3
1,1,0.3602406040744349,0.0036244498278157375,0.025168044147338548,0.08457793496225145,0.05,3
2,1,0.6255460544054918,0.11238975312872763,0.04905146872005633,0.22805922454848657,0.2,3
2,1,0.4159148500960963,0.13479794583245336,0.16863198369096896,0.2769387102505126,0.25,3
0,0,0.07040602290080336,0.1531203644859785,0.17312096451709727,0.023884761422367128,0.4,3
1,1,0.5089363381998852,0.008677828271829372,0.09810224203121307,0.10891926266715252,0.35,3
2,1,0.0670229908141199,0.19507288608447645,0.08394024263473238,0.02531793115812107,0.35,3
2,0,0.29044033013923354,0.028492532768102895,0.06209675022023488,0.11238991745016076,0.35,3
2,1,0.24126252160985798,0.014757997358728788,0.010470558799710789,0.0426501459995922,0.1,3
1,0,0.49560169927615394,0.06857608700244221,0.012507059653870566,0.027189803762442396,0.3,3
1,1,0.5686005005368981,0.1612903327963991,0.009347249428131319,0.18543842602915434,0.15,3
2,2,0.2284637465860026,0.1635822256287064,0.1763880976079728,0.043612424059606,0.15,3
2,0,0.2581345741801311,0.20644045739016875,0.05952575010314749,0.04525973466004917,0.45,3
1,2,0.44472138664355815,0.16708444720728496,0.016239332608400336,0.07958571963972036,0.15,3
0,0,0.025077174386884154,0.13143897211765543,0.02165057303267739,0.03439175320208902,0.45,3
1,1,0.12122290368185658,0.17743270536989403,0.0381648073577239,0.03111846753349223,0.1,3
3,1,0.19158020653898378,0.013806892788390477,0.004644802703008215,0.06489653703353972,0.55,3
3,0,0.28723385510445937,0.16205829785971576,0.14587317581403134,0.14177464881162552,0.1,3
1,0,0.09953702688476349,0.023956239363199284,0.006159358221792774,0.015551144591054682,0.45,3
1,0,0.18495119246924152,0.060500539185057614,0.04701409894179876,0.019671551299191112,0.25,3
1,0,0.31176747665151155,0.02276734469751849,0.055428127255189766,0.039672697496526084,0.2,3
0,2,0.18164953616727714,0.013193440946177718,0.01230310219944968,0.5916405971425592,0.2,3
2,0,0.34022443476943925,0.18264883023398942,0.012398627877884677,0.3498651591637548,0.25,3
0,0,0.09508562298773375,0.00020902223269604094,0.017254711088172784,0.3634734118672776,0.2,3
2,1,0.15081424719288525,0.034762584500309876,0.0029721389598832484,0.036889668628976226,0.2,3
1,1,0.49564451432035406,0.2589732152207332,0.06990576503794863,0.051123914555783856,0.2,3
3,0,0.4595985577850809,0.048903110922687155,0.007744603012642183,0.08994720029115161,0.15,3
3,1,0.5493795790980855,0.07324402480564308,0.000477056161267201,0.15243430432239768,0.4,3
0,0,0.20838964502291216,0.021163787061644013,0.009410297734242921,0.007535119720728643,0.5,3
2,2,0.43956665816614965,0.11000608639407262,0.06655233595601705,0.07756634523377656,0.2,3
3,1,0.07985458770670942,0.15993704862925082,0.03493004834981156,0.12008474155067991,0.45,3
1,0,0.26627771283914514,0.4137970507794057,0.06667157126818053,0.015153047492203116,0.7,3
2,0,0.05082357318927052,0.05855916777937271,0.01917454550667296,0.06840218830503038,0.3,3
3,0,0.14891617617500594,0.0005414259373285227,0.03796026660606018,0.012158408112844507,0.3,3
3,2,0.25436669258429395,0.014113938358765328,0.030240383498066677,0.014255563545039382,0.3,3
0,2,0.2967760909748547,0.057159091110595396,0.0710147860299853,0.04700062164843354,0.15,3
1,1,0.15657058726432901,0.0012146690675523524,0.0206923728030541,0.08841825525959,0.25,3
3,1,0.669772550662766,0.08381093554743138,0.014878521381220389,0.23404637277333917,0.35,3
3,0,0.18533551778285698,0.09333759664876745,0.05488417575814652,0.2836208006666183,0.25,3
3,1,0.18406464466932188,0.019914102427210516,0.0951312171165428,0.027599771870987926,0.3,3
3,1,0.3913910827905649,0.019509985042056855,0.0324316116617144,0.11084116297495956,0.3,3
2,2,0.08815463676986246,0.03571946719805573,0.0950634796123182,0.062160019366257376,0.25,3
1,2,0.16937109337227657,0.11699633659183489,0.002063612380782731,0.03620087602037697,0.4,3
1,1,0.2356637737815033,0.2390242370993445,0.04326026575024714,0.1753427011863559,0.35,3
2,0,0.4958122407398849,0.05609231050860416,0.009935514176528451,0.06217709693400959,0.2,3
3,0,0.5600187748963262,0.054440606831538015,0.04684345217842575,0.05182666230013413,0.05,3
0,0,0.13992486842134458,0.2967573773099298,0.029345788634300193,2.180095479780974,0.35,3
3,1,0.42627099978228683,0.05856179189799083,0.02123374817410884,0.010556687645586354,0.15,3
1,2,0.4700624041303125,0.1457041740802803,0.04699841225694142,0.03138850637587939,0.15,3
2,0,0.5159850076595078,0.02585808187120245,0.04847972876517185,0.0704456500570005,0.3,3
2,2,0.1296145873455709,0.0585303609284854,0.03858223233007624,0.04866345010820064,0.25,3
3,1,0.14966887885466915,0.06994121276902439,0.0074520932130062376,0.07413300027672638,0.2,3
0,2,0.1065193763315276,0.3787334857827984,0.01283506870207599,0.051588226206888965,0.15,3
1,1,0.16950944217284578,0.1544637269693086,0.011814292576400548,0.134297572329407,0.25,3
1,0,0.16322303891907297,0.018092408060246108,0.0042844904090888845,0.16099863094835384,0.35,3
0,1,0.07918679395677698,0.007967341232702676,0.11715829508262973,0.011999196695378906,0.35,3
1,1,0.17357321713710375,0.10064124789874233,0.01339610200510973,0.053951457098023445,0.25,3
0,0,0.2483583510691368,0.14895441942349216,0.062294228733106714,0.02994483368503415,0.25,3
2,1,0.5797562398701351,0.06432720664148472,0.01760304694425208,0.1417079239304292,0.15,3
0,2,0.3356335212720716,0.09144727655114351,0.0391851631873499,0.3272484669827176,0.3,3
1,1,0.1996799705024604,0.07636852208850302,0.0035610183146663785,0.05221524192238914,0.3,3
1,1,0.2552625133200013,0.23219379915326085,0.016524396776386133,0.09567784897764527,0.15,3
0,0,0.29892151439832493,0.13604821528252486,0.051767396352593156,0.0356988825351892,0.5,3
1,0,0.16282721791315544,0.28730766927247775,0.04363112555815794,0.014683742994814038,0.4,3
2,1,0.27815138335355993,0.4361952181728173,0.016887078312440584,0.09551968520378314,0.25,3
2,2,0.28428098352600756,0.13246325193057756,0.021901496097728516,0.016871338432204685,0.25,3
2,0,0.3626294967974677,0.09564700949671738,0.07560875079978543,0.11877001974464213,0.2,3
1,0,0.24977298014482144,0.0290354393241767,0.1369238361522247,0.10336228454556073,0.2,3
1,0,0.1940610019695531,0.023486532620892286,0.0030850086319528605,0.067941343870998,0.35,3
1,1,0.19908903040159834,0.064791024521648,0.07131297547714331,0.0667526457328092,0.3,3
2,0,0.13859139520523492,0.10986926333028459,0.15683203712554303,0.36711997286901776,0.15,3
2,1,0.4373582922241796,0.14417799737961873,0.11195170907435244,0.09613048575164736,0.4,3
3,0,0.040930902328135725,0.41221873578847834,0.007219268509256121,0.06116675656062449,0.35,3
2,0,0.3750680280889126,0.037815947295198764,0.050264096871769685,0.0309366727948555,0.1,3
2,1,0.2190954466832625,0.07802662179704827,0.04905619482549151,0.4030871167086266,0.25,3
1,0,0.29903047023611573,0.11854304875275858,0.026720167257664754,0.15555774830680227,0.2,3
3,0,0.18487650873662018,0.1225803954393229,0.0023275097424975116,0.08719680393284016,0.25,3
2,1,0.6998924296903055,0.03320063001331589,0.017577909153785844,0.08764465039128173,0.1,3
1,1,0.3585357113759001,0.25330190503677114,0.08191411349323842,0.02664110180150745,0.15,3
2,0,0.39629082517791087,0.0540005876391085,0.0637032626900448,0.017863504548806038,0.15,3
3,1,0.41782321353695706,0.17785808346926316,0.10923736049892599,0.01233490103442288,0.2,3
2,1,0.39401387656403297,0.025751349300471692,0.07449465489906597,0.04964406178633177,0.15,3
1,1,0.3385126980662622,0.04603402983257253,0.013228743577688957,0.01740872168826437,0.3,3
1,2,0.16863445229456875,0.0647680199125067,0.048374626388951215,0.13861778414401768,0.15,3
3,0,0.18690228474658693,0.007836344673525716,0.11957201904691585,0.20406562065296316,0.25,3
1,2,0.06037577767932216,0.014339160026891699,0.0692975819559008,0.1794966771026605,0.2,3
2,1,0.2510225242431955,0.09955503836571089,0.055831788568227084,0.08561791066264159,0.45,3
2,0,0.2863218638503709,0.054124709589299554,0.03194756314948481,0.059674686717869706,0.2,3
2,0,0.3049649578699388,0.08151016076130535,0.04496474325745158,0.14077600160708487,0.05,3
2,0,0.45817687580365146,0.14459815551383368,0.03607808337624039,0.02467918186686018,0.1,3
1,1,0.41325909789186754,0.07173577637115539,0.015456332682808889,0.11274523798212843,0.15,3
0,1,0.2702736317656481,0.3085388575500339,0.02386224657321229,0.24490871083253046,0.15,3
0,1,0.40759403116910425,0.13960901191863986,0.009080974504015923,0.14123766251446976,0.15,3
1,0,0.375476796903586,0.14851719875067107,0.06447676750910783,0.090012950572536,0.3,3
0,1,0.1162585368891146,0.11516314966649357,0.019108839590960665,0.02681570015008893,0.1,3
3,0,0.19334549759997702,0.041453017745004574,0.009621827671340715,0.04401457910602675,0.2,3
1,0,0.2511386805216477,0.03035014523176513,0.036750756367057165,0.11102488600527155,0.4,3
1,1,0.20465216092863134,0.07761532295033607,0.006935088323258802,0.33681314077569174,0.25,3
3,0,0.42887503454757253,0.047446190603021327,0.0448274631391704,0.17188525001610708,0.15,3
0,0,0.34634519254818713,0.05436760738045843,0.020612777318355528,0.11244788238398996,0.2,3
2,0,0.04471846326396368,0.37723254814557655,0.04288578927593169,0.03724875878795562,0.15,3
2,0,0.1892591495465236,0.056949886060211556,0.041260633577697894,0.1664479091856445,0.35,3
1,0,0.2674463290035338,0.019444528979253205,0.08550666625791366,0.06096390140232067,0.2,3
0,2,0.6290080297563457,0.12748493825058954,0.02902536575633512,0.030514588405329585,0.2,3
2,1,0.2573159179483303,0.06751938282180975,0.04397188229684179,0.015137641493534854,0.1,3
1,0,0.32088220708857973,0.2944286469488171,0.012473613182099453,0.08101714007284257,0.35,3
1,0,0.19654378952554213,0.05273236552324893,0.004589706758429932,0.08898923328169837,0.15,3
1,0,0.11243934022653351,0.24770082592871825,0.09831040330737953,0.009036479330895021,0.4,3
1,0,0.16016580767098224,0.031361891834361666,0.07638479253899275,0.2156073362346481,0.25,3
2,1,0.2317755527163184,0.03787445750919472,0.11469443473571042,0.037832755564302545,0.2,3
2,0,0.3004889761812965,0.017368189775174615,0.011253688175045904,0.028340670411043278,0.3,3
3,1,0.3629176264525906,0.021378675527648494,0.012633073473817431,0.09611527540889654,0.3,3
0,1,0.06476283617847388,0.10371631685736639,0.01446745785256458,0.06654065280865616,0.2,3
1,1,0.1271664742538035,0.1000381667732054,0.022180667851237346,0.024877164321132596,0.15,3
3,1,0.7406332118860381,0.18858193076507862,0.015223998197606458,0.08179719828577905,0.2,3
3,1,0.3892495969394128,0.06873382602464465,0.04474028528641528,0.03351226372126582,0.2,3
2,1,0.21047404747205317,0.11566348741086839,0.017804410728738906,0.08168908821957038,0.05,3
2,1,0.08250136922356802,0.05510476094194056,0.054410318619503656,0.4463038830605931,0.1,3
2,0,0.20838998327563232,0.09618509664483357,0.0498867150689753,0.12727986409423556,0.35,3
2,0,0.035877026006996576,0.17780558941877928,0.0105261680108981,0.04254940253590306,0.3,3
0,2,0.20615843264911204,0.22851599163967715,0.14432712429469985,0.03695434742265743,0.2,3
1,0,0.052527561120250074,0.018173204978926806,0.18167026539303313,0.04777895434849643,0.2,3
0,0,0.3290994188034623,0.09025248890114908,0.03638598202498887,0.02695191317796825,0.3,3
2,1,0.28404338995355777,0.06597398574095267,0.05598423689251656,0.0774011338125106,0.4,3
1,0,0.10251104327748597,0.05273565162712609,0.10160038133904677,0.014170315080254521,0.2,3
3,1,0.29516169961756106,0.12040427552687931,0.009261773453595837,0.050169242232711485,0.45,3
1,1,0.3417057957383483,0.28899354628870844,0.006778235257212894,0.2608672235169092,0.1,3
1,0,0.16737712462668866,0.3404330365744202,0.081279469589351,0.019737621336742884,0.4,3
2,1,0.12572064429949228,0.1162052242886181,0.007455024525423278,0.071346005557196,0.4,3
3,0,0.2260037774055811,0.13355722297909597,0.1535783696386413,0.03214241890811401,0.25,3
2,1,0.38259945370384885,0.26039808594819014,0.011134063904695431,0.16824599530825723,0.3,3
0,1,0.3768365443466418,0.114051619769888,0.09852613379868043,0.030779053017256554,0.4,3
2,2,0.34966335485887334,0.028159488737711666,0.028097569045615195,0.01719498894228525,0.35,3
2,0,0.32263405033426773,0.0019595394986806867,0.20961814137190168,0.0185605068203214,0.15,3
1,0,0.037996569903076594,0.11297928867851127,0.037102932799299986,0.0912416293366607,0.3,3
1,2,0.15409706273050586,0.07219551645826566,0.0030227454403895745,0.05132924727166437,0.25,3
2,2,0.24835940462683365,0.02697862712135947,0.14194496599959058,0.14454224655174866,0.35,3
2,0,0.050974596307557934,0.12007437663437952,0.02366876168087406,0.042999860791743366,0.1,3
1,1,0.29769138608894186,0.15705819540684587,0.0497907533662302,0.26792235994750463,0.35,3
3,1,0.2595853913294506,0.066538412489551,0.015731979083577412,0.06845150526080725,0.3,3
1,1,0.3115770273678969,0.09156039499081213,0.0005997862405673896,0.11351509306823142,0.5,3
2,0,0.3364748732451321,0.030922742416881224,0.018951498628968947,0.12043464882620981,0.25,3
3,1,0.4892162879106885,0.153204268060469,0.09668233340039101,0.015005284113006343,0.3,3
0,1,0.3996804995186765,0.026269649266223216,0.004094565053786091,0.01167163113525112,0.1,3
1,1,0.3021341784027602,0.03506221146857968,0.0766256236921609,0.18040377873582616,0.2,3
1,1,0.3605879661130143,0.17611397571546109,0.10326479468742339,0.06176007160486302,0.35,3
1,1,0.6989529904227927,0.03180032973548212,0.004016248654474286,0.06679343163126411,0.2,3
1,0,0.23614506472189098,0.2639285660253393,0.0700739805711345,0.08967933913810633,0.15,3
2,1,0.0752539656933214,0.07024211815202867,0.04347046531564807,0.03340713998019306,0.2,3
2,1,0.3894724573371498,0.006698557096680235,0.03367437103302614,0.6156907454524106,0.3,3
2,2,0.09164806477099964,0.0725559665605561,0.03978798471272452,0.03457393076202091,0.15,3
2,0,0.4167087687902371,0.05514847678611237,0.0623436546349273,0.13493993982837893,0.05,3
1,1,0.3064870122410443,0.07456327325915811,0.06580467613022717,0.10194365747962691,0.35,3
1,1,0.2067009560987731,0.06934372804537674,0.01748856367614954,0.11652153913535301,0.35,3
1,2,0.14579705143558533,0.0453966204180845,0.026031753462352772,0.025258535816042697,0.2,3
2,0,0.07330739563594277,0.1222824953328156,0.005089431845735042,0.06200440362131309,0.15,3
0,0,0.1811773666058251,0.10044408831559379,0.008311502169803798,0.053005059796408086,0.2,3
1,1,0.4639307158336415,0.08629858197138449,0.0858243425798364,0.1205211032625209,0.3,3
2,0,0.16293014945032666,0.1008418732273197,0.07169238774126563,0.02166536657499106,0.2,3
3,0,0.5749817075382738,0.013188920690421789,0.046532724388148566,0.12666529887639483,0.25,3
2,1,0.27172813716230554,0.12021179136282341,0.0551170775489361,0.05096561218219717,0.2,3
1,0,0.2091122967866719,0.16583371934228885,0.03621835834644613,0.13497452579297156,0.4,3
1,0,0.19060755474556068,0.03474542697790914,0.03625977857044676,0.06280640937122846,0.3,3
2,0,0.3280722046569505,0.23203587185309132,0.0029363397752861695,0.10561263059099538,0.4,3
3,1,0.1611010108083429,0.0020583549414457084,0.007321174108408261,0.13025380738028844,0.1,3
3,1,0.14814064057209772,0.19687801510101433,0.00576619751887658,0.07047592773862263,0.35,3
1,0,0.6164150395290076,0.0112436502879638,0.05694107104299161,0.012494909161898651,0.2,3
2,1,0.45125442730669774,0.05136081532211667,0.020318588774173037,0.12166992790768406,0.15,3
3,1,0.06350193411307424,0.07555683297198366,0.046155691116631675,0.1172803009116856,0.3,3
3,1,0.5125439863596427,0.1440607463578984,0.03656702085169791,0.28005755942415983,0.25,3
3,1,0.5145487692756645,0.007558723803393428,0.10347991598782244,0.42975407549138483,0.1,3
3,2,0.176234146530535,0.07348373625371503,0.07545986497829868,0.029394864999036874,0.15,3
2,1,0.4753998764269948,0.03060284544062062,0.05614070816787589,0.033199818615333804,0.15,3
1,2,0.27559546500100895,0.10521009714881592,0.014615741726903619,0.02036394736263301,0.55,3
2,1,0.3265121058523445,0.21111421064882274,0.016611606768746942,0.015326395688654477,0.45,3
1,0,0.234853449544665,0.6037941613482188,0.05018454596529494,0.05652425701980946,0.25,3
3,2,0.31771919113432534,0.2135536400078261,0.10636685754434527,0.03760693993185698,0.25,3
2,0,0.5074349240855668,0.318312458478467,0.06866594916441804,0.026238012054359335,0.3,3
2,1,0.0074238192651179076,0.23881408771506477,0.003053022544981788,0.08166567024918453,0.45,3
1,2,0.20675358651493314,0.05201415169945066,0.010724649550894607,0.00991014429404587,0.1,3
0,1,0.3682779998955996,0.12339827122595737,0.14215489953215643,0.05777652729803614,0.3,3
2,1,0.4382038644529091,0.008296312815703689,0.09125128287610478,0.3122092252243436,0.35,3
2,1,0.3203838780854374,0.16077277629955603,0.04605161560107741,0.03170622011266002,0.25,3
1,0,0.4569359222873148,0.03824642333156003,0.06746346268830875,0.061971584002475544,0.35,3
0,1,0.6805570124475594,0.09912088936050331,0.04611788948898174,0.016158324572108865,0.05,3
1,1,0.07374973517512438,0.03045384483325813,0.037437761121955286,0.4617139771845832,0.15,3
0,1,0.82663049874266,0.3094612288229521,0.08117217429497003,0.04453419751646966,0.15,3
2,1,0.2918740896986943,0.1420038965792724,0.03125045546688586,0.010456929797674389,0.25,3
1,2,0.05641872578048286,0.25017180315979465,0.029173219582501138,0.33990194964603954,0.25,3
2,1,0.5425354263691695,0.042707013651680656,0.05544602224555658,0.23618483442920216,0.15,3
1,1,0.33927542663599847,0.00833773513085141,0.032210372043917454,0.07431926522521168,0.2,3
1,0,0.1998522701459033,0.0291192913962552,0.06361043287045573,0.07449962035006506,0.3,3
2,0,0.09892358447337708,0.06667151398651898,0.09863238053420924,0.06405627827679827,0.15,3
1,1,0.4167264849395731,0.09737746437114604,0.03707694907917498,0.018251148663869354,0.2,3
3,0,0.08452301510200282,0.10811446822321556,0.011300089551447906,0.035047580689857596,0.35,3
0,2,0.33230044983965235,0.06467350117941353,0.059043067555139904,0.06648604883552237,0.35,3
3,1,0.39896033343229936,0.002600551660792119,0.0038288026339657086,0.019237368240966075,0.3,3
1,0,0.15031010947025922,0.014319011458170276,0.03250111435972594,0.021133028711732112,0.25,3
2,1,0.18647569071615083,0.02466950289259179,0.12698578229967517,0.06945736528367226,0.1,3
0,1,0.45499710589732495,0.09793465693915078,0.019656911643214328,0.030522707592843198,0.25,3
1,1,0.3982907507529314,0.005225890867597875,0.13646376595815737,0.0916664319565163,0.1,3
0,2,0.29046252958661495,0.258916703613657,0.011905920044333104,0.8120882456740338,0.2,3
2,0,0.2719816312943906,0.007457695902888244,0.016438805701770965,0.2292713995692486,0.1,3
3,1,0.06626704492638906,0.026144001493845454,0.055538022498521376,0.13796113115572217,0.1,3
0,0,0.3313755083687862,0.04768299316707183,0.0778482254768141,0.6422541404027003,0.3,3
2,1,0.17703671513409217,0.2110317759112581,0.0032180239923336926,0.21184867591491868,0.4,3
1,0,0.4288126984910839,0.12892482973305766,0.04588456906416655,0.09380041505770813,0.25,3
3,2,0.30874006724807673,0.1042664719630204,0.009516247657124185,0.02787833631591825,0.25,3
1,1,0.35177307902990523,0.09377984151957942,0.07870082756865285,0.06485605438122934,0.3,3
2,0,0.17023805473399672,0.020240922615573982,0.03450614246343917,0.397980439194944,0.4,3
2,0,0.12704619819690646,0.10670326971829244,0.2070514357539785,0.023592654886883346,0.1,3
2,0,0.17483358180764821,0.018210261909171795,0.06168115516129623,0.09470914848197555,0.1,3
3,1,0.16411432271913828,0.4084451958267962,0.1620347949206061,0.37896790890710536,0.35,3
2,0,0.02809543698677694,0.052671359623879935,0.024285049998427365,0.06295382535283849,0.05,3
1,1,0.3794932088951573,0.1331211718729849,0.07966206264180967,0.04637252954372517,0.3,3
2,0,0.2326613247298582,0.3603167738182526,0.0004865865135189369,0.07795247665145143,0.4,3
1,1,0.3513386679753613,0.14626558209842525,0.0159312642483998,0.08383419387319263,0.35,3
0,1,0.2786646450914322,0.010177195819342339,0.01637347820539397,0.019292232187792194,0.35,3
2,2,0.44163806958282764,0.08816224951562199,0.17283620944203412,0.0648702784851932,0.15,3
0,0,0.16908980163845558,0.0028725129196963137,0.02666061992800161,0.004412002115290529,0.3,3
0,2,0.20559002439633972,0.008366128967983595,0.07492591813324519,0.03990385568518919,0.35,3
1,0,0.4714468391163743,0.07192251492513893,0.03442037283324759,0.0645332220556682,0.25,3
3,1,0.6030907815266567,0.021753881032629246,0.012047885135468908,0.04403758231496715,0.4,3
1,1,0.18969734727391774,0.0023815630263575548,0.0885184424032853,0.021351918060335495,0.15,3
3,1,0.15462567719045942,0.015254066448060162,0.05865635625293199,0.014061146204958425,0.35,3
1,2,0.3105144598198469,0.05611305717365878,0.011337468599283133,0.07329891729221777,0.3,3
3,0,0.2507732282168992,0.15209927242564464,0.07772076804046381,0.0784326000585019,0.15,3
2,1,0.5751365387307017,0.0014329092736286597,0.16151423979508275,0.49257091311322154,0.15,3
1,0,0.17172312421910618,0.21022814605717194,0.05460163873777173,0.05770822595935411,0.35,3
3,2,0.19145549514606863,0.04045282951126222,0.04229573664493034,0.01943585973093829,0.35,3
2,2,0.20867083351783508,0.00921975999255154,0.011181853274952438,0.05945376154669867,0.3,3
1,2,0.20776250778729352,0.017991690823718477,0.030021406524595076,0.03161158909488125,0.35,3
1,0,0.2323345077400716,0.032625671686533235,0.07241167318133679,0.03699024585603736,0.45,3
1,0,0.35030284976525,0.150502151242565,0.22820729341266233,0.03566094872329766,0.4,3
1,0,0.06773692046622597,0.02103347844596616,0.020816403951938085,0.04628071347996035,0.4,3
3,0,0.5118845078865003,0.23047194136196378,0.044364454802296976,0.04019208296443326,0.1,3
1,0,0.6441400043350626,0.040370236399095524,0.013337606178196688,0.16734722970984187,0.25,3
2,0,0.15182496830796283,0.2597804178213348,0.03451704739670164,0.1458951167395345,0.25,3
1,0,0.343512016581935,0.04304274479578634,0.04143497725815925,0.04822154258969194,0.1,3
2,0,0.2819991345935479,0.034613539864048325,0.0010370382821774618,0.059456994125575785,0.35,3
2,0,0.4025499463906937,0.06892377985575548,0.0443085086384321,0.028467134172580823,0.45,3
3,2,0.548575946791754,0.09437011067274041,0.007012793516903547,0.056409910738078564,0.4,3
0,1,0.11445968451598675,0.09023544246590927,0.00947638960329736,0.05475525459177444,0.15,3
2,1,0.2459635759821524,0.01289520574387052,0.0008754344595787347,0.010253947110834528,0.35,3
1,1,0.5966930181192899,0.07178545988559402,0.013340883928165013,0.01428651461514604,0.15,3
1,0,0.15667679237030047,0.05403220047104256,0.008224032789552669,0.0773918103723142,0.25,3
2,1,0.16131872130697802,0.10038155127798537,0.010585072570992112,0.2381500217546921,0.3,3
1,1,0.07623899244341326,0.08006920507529361,0.02070114550561933,0.12481016244901712,0.2,3
2,1,0.15407862698328528,0.07266470107640516,0.02637201533703693,0.034363997720488614,0.4,3
2,2,0.20278964391220927,0.08911684308204923,0.027555120970717824,0.02124369218128633,0.55,3
2,2,0.08886939886403057,0.20121048770815841,0.001727306920469001,0.047989243175059294,0.4,3
1,0,0.269149927187528,0.05857053154427292,0.09487567209434047,0.06829046664431564,0.3,3
2,0,0.5866186269436315,0.05941952921279969,0.1461083279888596,0.0726171374108161,0.4,3
1,0,0.3199252095943203,0.04106752462148593,0.13501995889178567,0.04131077864382259,0.45,3
3,1,0.46339142819457346,0.0308502212737135,0.15367536551665545,0.07096021465902316,0.25,3
2,0,0.050729306534818365,0.027670252656409298,0.061300415920891596,0.12348817235843326,0.15,3
3,0,0.30152237487199407,0.04944352603282331,0.14189372458771343,0.03742228175257915,0.1,3
2,1,0.2608369854006007,0.15371460789585187,0.06885264202289566,0.07207623589448958,0.35,3
2,0,0.34334216673760276,0.09493655920303151,0.12209763781340352,0.0500198179532785,0.3,3
0,0,0.3061603645904877,0.03235592807151669,0.17819096660486292,0.04176674327177614,0.15,3
2,1,0.17574767841591205,0.16585579649022864,0.07253407482701905,0.02484149956624347,0.7,3
0,1,0.3972913161075103,0.24181090852636233,0.08470458759398357,0.018644382672893988,0.35,3
2,1,0.10836510611927823,0.3650489567162415,0.012485993803867806,0.07183471659060879,0.1,3
3,1,0.5304088922977296,0.008014867531527928,0.03713590758810354,0.036535724067547286,0.3,3
1,1,0.7023816465912712,0.0037194815497974738,0.007849108101049157,0.10376783207844065,0.4,3
1,0,0.20018758383292443,0.019188569903699233,0.03419725257592784,0.029659960946475508,0.4,3
2,1,0.3067318895930093,0.13126460776656154,0.02677210607698061,0.05931376150737635,0.25,3
2,0,0.032878145593755036,0.06806117799783035,0.017231480181038688,0.2153959524830985,0.25,3
3,1,0.24725648359625305,0.03525154164018637,0.07587951211206874,0.11168016593048369,0.4,3
0,2,0.13998326250599585,0.07470138345325741,0.012324842103817171,0.019506792273074728,0.15,3
0,2,0.07560135433681525,0.053598852615624686,0.0405307894310746,0.16217587801771355,0.3,3
0,1,0.05238506274309797,0.003460932706303154,0.050621375446540585,0.02124909062385762,0.25,3
2,1,0.13369745609308464,0.2584044726400015,0.08915440675340446,0.0985457946630981,0.3,3
0,0,0.25441668161759123,0.026694056638569965,0.005026563966592,0.13900522262814544,0.05,3
1,1,0.18032343834588865,0.02065219054253292,0.10783993748803072,0.35645122933089995,0.25,3
1,1,0.4665218386130651,0.06499581694372451,0.07757373861459514,0.06693556590364119,0.2,3
3,1,0.08075167257301397,0.010984494495097818,0.007156494815925262,0.08201247872229007,0.15,3
2,1,0.06804689211649274,0.15471461924572885,0.019777794569674875,0.37295935049259804,0.6,3
3,1,0.3679672661782101,0.01391271721204375,0.021948954796335973,0.0787255695688519,0.35,3
2,1,0.15908469473101994,0.02623608840011783,0.04498404476967629,0.027575146325864167,0.4,3
0,0,0.4459016078280182,0.01896088142843457,0.08275284161899524,0.07822888320606856,0.15,3
2,0,0.5059309877294659,0.10547957038542666,0.00781647178518057,0.15075535016318511,0.15,3
0,2,0.45081318110094176,0.1296197091720468,0.0681772863923822,0.06075053963076463,0.25,3
0,2,0.3583348194159275,0.07920185988104908,0.04070450762394042,0.022070307287820938,0.2,3
1,0,0.11652699593307109,0.0923430524013287,0.09806221890325952,0.11381828101952181,0.2,3
1,1,0.6050718898877765,0.12050192976385879,0.009392411783125134,0.011093241671264518,0.2,3
1,2,0.32170798022147096,0.09220656136073152,0.024012860875791055,0.15067628448198866,0.2,3
2,2,0.47092984536389054,0.05179176422199114,0.005324371881733487,0.3052143328894302,0.55,3
3,1,0.5291131524584511,0.1694872015415472,0.11332869945188154,0.13266153811661452,0.1,3
0,2,0.6703721434077783,0.05487072884687687,0.07765774131447735,0.5874797631229858,0.15,3
2,2,0.1773372793509704,0.006013949178038729,0.10357864835533032,0.15371867226753197,0.25,3
1,0,0.3228838931547091,0.07107166643744238,0.029281277460241187,0.09665583742379685,0.2,3
0,0,0.29953394028687075,0.1762759543538573,0.07262926472465038,0.3009070023353606,0.3,3
2,2,0.29981560267824586,0.15021103206317749,0.13076096348855842,0.05453926050842305,0.3,3
2,1,0.4353007488235482,0.06632607797781549,0.0036869308505394363,0.2583812545311995,0.35,3
3,2,0.0644398677471232,0.009404312470101782,0.00213841617845244,0.06677477600641002,0.15,3
1,1,0.27362092143220246,0.05382290478068073,0.004779703894661292,0.2862522149280642,0.15,3
3,0,0.3978936576706285,0.2192651967527238,0.00587036511222911,0.09342463915214941,0.25,3
1,1,0.357097404098294,0.09371050279646974,0.03146288326340303,0.14960834405219045,0.2,3
2,1,0.18509567215493797,0.12708930663200935,0.08158071726123761,0.1683742995242591,0.25,3
3,1,0.4000428637260666,0.0017441854929862088,0.016699916478469145,0.06095409802535616,0.25,3
1,1,0.46114095145919964,0.013636156312396812,0.03067842990243166,0.0476879011233357,0.2,3
0,2,0.14631886607592268,0.10088881555278666,0.08588032418300974,0.032496005092641674,0.3,3
3,2,0.14687874939698753,0.005128869530911992,0.019419643880602307,0.07996991867668952,0.25,3
1,0,0.05167221909028428,0.21220694641754126,0.009417565167181945,0.4583062900987329,0.45,3
0,0,0.1493554221080242,0.12352187384691994,0.10696991268608351,0.07490025349914363,0.1,3
2,1,0.19763553065666828,0.07607699136932014,0.030148654575393365,0.07605745248620545,0.15,3
2,2,0.29267924668976764,0.19675557120628304,0.06271777600159169,0.010206495441158538,0.45,3
2,0,0.17718231459813819,0.036661412275301536,0.016650662540556554,0.12857927646251957,0.15,3
0,2,0.1324466376193613,0.04525039155448185,0.009969799161154546,0.04025596463505404,0.3,3
1,1,0.11607428815291826,0.11158981902864154,0.019535693726643766,0.07905828689572035,0.3,3
2,0,0.3873461327441834,0.04156714950313601,0.010834919060874708,0.022609887177909228,0.35,3
0,2,0.4554656408050356,0.026332281569287182,0.04511529169343014,0.28968027849169775,0.35,3
2,2,0.16805954916113758,0.06186158426131046,0.10835144988631973,0.049585534629052824,0.1,3
2,1,0.11805183360077885,0.01661014002536579,0.012631715346726427,0.06369815984332373,0.45,3
0,2,0.162170892610788,0.08640167569150344,0.020982900898913474,0.0058269504061351585,0.35,3
0,0,0.20157833965257702,0.1121712995682269,0.010915981451046995,0.020315528814119764,0.3,3
3,2,0.39872069074573957,0.051935672445878676,0.0037842943949672153,0.14160274918879576,0.3,3
2,0,0.32876453916125664,0.20354850938905988,0.08669458793035256,0.02592539775781085,0.55,3
2,1,0.11679480958632939,0.022748872349856404,0.09004944283282901,0.38657528635596256,0.5,3
0,0,0.421939276991492,0.10429644517907138,0.01682775189323941,0.06503189786089511,0.45,3
2,0,0.18214878636288054,0.048103100305246775,0.06303878279173525,0.24054409260587306,0.15,3
1,2,0.2491414072048459,0.10114967093409782,0.024769260505038786,0.305793876540889,0.25,3
0,2,0.567387956345927,0.08876151183949464,0.09690323564155326,0.10449280734622418,0.4,3
2,1,0.2782359643448379,0.03430094051641187,0.029759210064062947,0.06438124024559264,0.3,3
0,1,0.22547471453722087,0.24707769052458067,0.02097653497249717,0.06894454277770316,0.2,3
2,2,0.2666010693099781,0.07066365525286214,0.026279354026092282,0.4097816168961962,0.1,3
1,2,0.3211163570160875,0.008825312643980485,0.03476363590750814,0.13052300279139967,0.2,3
1,0,0.14039506938964394,0.01771871446796655,0.00585547968434171,0.02576617209964223,0.2,3
1,0,0.1859988012669275,0.1338549620784343,0.05877865272715011,0.07654155916590918,0.2,3
2,0,0.5073398541808792,0.0684660607187346,0.021061022624710567,0.03546518323748036,0.25,3
2,1,0.11929646215333009,0.1771213827624996,0.07475414438446291,0.3084580335398728,0.25,3
1,0,0.07707597459145313,0.03286580906736827,0.04867930192612213,0.0027374420145719024,0.15,3
1,0,0.3193853126872435,0.008055401384168716,0.003861578870703965,0.0914859621592219,0.3,3
0,2,0.24145728810706038,0.09888170125255251,0.0808035698978405,0.2201141699388587,0.1,3
1,0,0.11507906395970952,0.09193487799660789,0.10622874353369918,0.05002273535520831,0.25,3
3,0,0.24371171767321084,0.03769807264859959,0.031096390315234656,0.11671495706270756,0.15,3
3,0,0.04532317098411329,0.10279353575557656,0.0035908066069262525,0.09665239864928493,0.15,3
0,1,0.11410289792022744,0.05274418767641461,0.004349320202840022,0.0315766638502235,0.15,3
1,0,0.17012206749193912,0.1664854023191783,0.002067992889224418,0.13704554763937687,0.3,3
2,1,0.38509983510797174,0.16560793693838624,0.005939520775873372,0.15481856500262908,0.25,3
0,0,0.18781169974381065,0.0923830985855561,0.07344037438884546,0.05558327254388323,0.55,3
0,1,0.3173322251012921,0.1414090542469898,0.006664794867584498,0.07524397689438085,0.25,3
2,0,0.6958607033527535,0.04310284391853415,0.04458959426459463,0.08726500537402511,0.25,3
2,2,0.0896722565289755,0.18893878077487034,0.03589428776829044,0.030800791834644056,0.15,3
1,0,0.6411419895107932,0.007912557904731731,0.015818687521705378,0.021389810283247036,0.35,3
1,0,0.22749610806821163,0.12074326709570446,0.03099224845536908,0.10052822527949509,0.45,3
0,1,0.2849572817484198,0.11114539463166222,0.16503712988659527,0.011410127573083725,0.25,3
1,1,0.40562366606608585,0.09197020977474996,0.010973708167314895,0.21676604158247784,0.2,3
3,0,0.017737361164808882,0.05371361890645854,0.09184673103058875,0.022857494805605446,0.25,3
0,0,0.37728309490898443,0.0158506857486297,0.10338296230979975,0.1403980921402896,0.25,3
1,0,0.1197262649407659,0.14853016518341752,0.11902246082087892,0.19664632285516362,0.15,3
3,1,0.5575951860579906,0.13144364704167955,0.06074215734152794,0.1426731391550687,0.4,3
0,1,0.22364416490285302,0.1982409491124549,0.061309456730398317,0.058335467431013734,0.3,3
2,0,0.12951584019689458,0.04306699359803136,0.06787759898546793,0.011300649806713504,0.3,3
2,1,0.34094747104645406,0.08411047778845374,0.02139035239736605,0.055809695773835745,0.35,3
1,0,0.44030684067681963,0.04727871365758427,0.10774284499480437,0.0999862020673375,0.45,3
0,2,0.02947847110087692,0.023103961251401774,0.02471612261753864,0.09084472273644927,0.4,3
1,1,0.36035231415947067,0.0719736138605789,0.12770072953646974,0.14170851149447883,0.25,3
1,1,0.3743358247247959,0.012614389879033532,0.06568567235029978,0.10826612304241083,0.25,3
1,1,0.3138806735012219,0.3893477123779168,0.05537263263163858,0.0548518497600279,0.15,3
2,1,0.31445978722094203,0.07945840630849345,0.011996209693920318,0.024467887258321414,0.3,3
2,1,0.21439472413491042,0.213003236251651,0.06582389845434203,0.09191164524827285,0.25,3
1,2,0.5500193126875811,0.013430992320782629,0.015578355700663305,0.007713960817240867,0.3,3
1,1,0.03923079554779993,0.10716628581270517,0.022989858582077374,0.028780965762060434,0.3,3
0,0,0.46364605582997204,0.043855902522677376,0.037443716891752195,0.04751471107274722,0.1,3
2,2,0.42651810827356773,0.39994080402122584,0.04474110938792995,0.2141647859915615,0.3,3
3,2,0.10729019827931466,0.04115154498183923,0.05038730608742444,0.05461741135364388,0.2,3
2,0,0.3702481772787997,0.07982031243563563,0.048680180821689095,0.07912764190564256,0.2,3
2,0,0.17030451539432712,0.028889463135390103,0.01211059250809137,0.03100204589303995,0.2,3
2,0,0.4417947712490822,0.11248947670794068,0.06285927198457897,0.06246324392494442,0.45,3
1,1,0.06456949283647406,0.39124676400164593,0.06913921851181783,0.19295568560544596,0.3,3
1,0,0.23397455249659874,0.24998082304390654,0.011532491904617024,0.025424804467173587,0.35,3
0,1,0.11012699691831529,0.059414213667175426,0.027963625045939907,0.030449706431971285,0.2,3
2,0,0.6620768293099513,0.013757803607625185,0.016550050192258442,0.04838609253833141,0.35,3
3,0,0.06861321950587722,0.006210197389260616,0.041248903204864504,0.00784507060012497,0.15,3
2,2,0.2893833276331594,0.0662373576557333,0.25756441207431047,0.1808034843200842,0.45,3
1,2,0.4186346506201288,0.06270926141811657,0.05266403854590327,0.20749402958964036,0.3,3
2,1,0.25096780451024786,0.07595599842266368,0.006138676531987585,0.03801618078313076,0.4,3
0,0,0.26571117837344077,0.07998078322372419,0.0004754238329654101,0.17689754697493573,0.2,3
3,1,0.39494200803949053,0.04877241722030651,0.1416180130756152,0.01657532050936357,0.3,3
1,0,0.41277380269659764,0.07200719667202368,0.026252597197991508,0.010900822096893607,0.25,3
1,0,0.22644071044123026,0.1643817685839774,0.15702583468551468,0.7650926182232449,0.15,3
3,1,0.4666665064015026,0.04853717313949164,0.014936201307175162,0.21376600343921898,0.35,3
